ticker,VIX.INDEX
2007-01-02,11.56
2007-01-03,12.04
2007-01-04,11.51
2007-01-05,12.14
2007-01-08,12
2007-01-09,11.91
2007-01-10,11.47
2007-01-11,10.87
2007-01-12,10.15
2007-01-15,10.15
2007-01-16,10.74
2007-01-17,10.59
2007-01-18,10.85
2007-01-19,10.4
2007-01-22,10.77
2007-01-23,10.34
2007-01-24,9.89
2007-01-25,11.22
2007-01-26,11.13
2007-01-29,11.45
2007-01-30,10.96
2007-01-31,10.42
2007-02-01,10.31
2007-02-02,10.08
2007-02-05,10.55
2007-02-06,10.65
2007-02-07,10.32
2007-02-08,10.44
2007-02-09,11.1
2007-02-12,11.61
2007-02-13,10.34
2007-02-14,10.23
2007-02-15,10.22
2007-02-16,10.02
2007-02-19,10.02
2007-02-20,10.24
2007-02-21,10.2
2007-02-22,10.18
2007-02-23,10.58
2007-02-26,11.15
2007-02-27,18.31
2007-02-28,15.42
2007-03-01,15.82
2007-03-02,18.61
2007-03-05,19.63
2007-03-06,15.96
2007-03-07,15.24
2007-03-08,14.29
2007-03-09,14.09
2007-03-12,13.99
2007-03-13,18.13
2007-03-14,17.27
2007-03-15,16.43
2007-03-16,16.79
2007-03-19,14.59
2007-03-20,13.27
2007-03-21,12.19
2007-03-22,12.93
2007-03-23,12.95
2007-03-26,13.16
2007-03-27,13.48
2007-03-28,14.98
2007-03-29,15.14
2007-03-30,14.64
2007-04-02,14.53
2007-04-03,13.46
2007-04-04,13.24
2007-04-05,13.23
2007-04-06,13.23
2007-04-09,13.14
2007-04-10,12.68
2007-04-11,13.49
2007-04-12,12.71
2007-04-13,12.2
2007-04-16,11.98
2007-04-17,12.14
2007-04-18,12.42
2007-04-19,12.54
2007-04-20,12.07
2007-04-23,13.04
2007-04-24,13.12
2007-04-25,13.21
2007-04-26,12.79
2007-04-27,12.45
2007-04-30,14.22
2007-05-01,13.51
2007-05-02,13.08
2007-05-03,13.09
2007-05-04,12.91
2007-05-07,13.15
2007-05-08,13.21
2007-05-09,12.88
2007-05-10,13.6
2007-05-11,12.95
2007-05-14,13.96
2007-05-15,14.01
2007-05-16,13.5
2007-05-17,13.51
2007-05-18,12.76
2007-05-21,13.3
2007-05-22,13.06
2007-05-23,13.24
2007-05-24,14.08
2007-05-25,13.34
2007-05-28,13.34
2007-05-29,13.53
2007-05-30,12.83
2007-05-31,13.05
2007-06-01,12.78
2007-06-04,13.29
2007-06-05,13.63
2007-06-06,14.87
2007-06-07,17.06
2007-06-08,14.84
2007-06-11,14.71
2007-06-12,16.67
2007-06-13,14.73
2007-06-14,13.64
2007-06-15,13.94
2007-06-18,13.42
2007-06-19,12.85
2007-06-20,14.67
2007-06-21,14.21
2007-06-22,15.75
2007-06-25,16.65
2007-06-26,18.89
2007-06-27,15.53
2007-06-28,15.54
2007-06-29,16.23
2007-07-02,15.4
2007-07-03,14.92
2007-07-04,14.92
2007-07-05,15.48
2007-07-06,14.72
2007-07-09,15.16
2007-07-10,17.57
2007-07-11,16.64
2007-07-12,15.54
2007-07-13,15.15
2007-07-16,15.59
2007-07-17,15.63
2007-07-18,16
2007-07-19,15.23
2007-07-20,16.95
2007-07-23,16.81
2007-07-24,18.55
2007-07-25,18.1
2007-07-26,20.74
2007-07-27,24.17
2007-07-30,20.87
2007-07-31,23.52
2007-08-01,23.67
2007-08-02,21.22
2007-08-03,25.16
2007-08-06,22.94
2007-08-07,21.56
2007-08-08,21.45
2007-08-09,26.48
2007-08-10,28.3
2007-08-13,26.57
2007-08-14,27.68
2007-08-15,30.67
2007-08-16,30.83
2007-08-17,29.99
2007-08-20,26.33
2007-08-21,25.25
2007-08-22,22.89
2007-08-23,22.62
2007-08-24,20.72
2007-08-27,22.72
2007-08-28,26.3
2007-08-29,23.81
2007-08-30,25.06
2007-08-31,23.38
2007-09-03,23.38
2007-09-04,22.78
2007-09-05,24.58
2007-09-06,23.99
2007-09-07,26.23
2007-09-10,27.38
2007-09-11,25.27
2007-09-12,24.96
2007-09-13,24.76
2007-09-14,24.92
2007-09-17,26.48
2007-09-18,20.35
2007-09-19,20.03
2007-09-20,20.45
2007-09-21,19
2007-09-24,19.37
2007-09-25,18.6
2007-09-26,17.63
2007-09-27,17
2007-09-28,18
2007-10-01,17.84
2007-10-02,18.49
2007-10-03,18.8
2007-10-04,18.44
2007-10-05,16.91
2007-10-08,17.46
2007-10-09,16.12
2007-10-10,16.67
2007-10-11,18.88
2007-10-12,17.73
2007-10-15,19.25
2007-10-16,20.02
2007-10-17,18.54
2007-10-18,18.5
2007-10-19,22.96
2007-10-22,21.64
2007-10-23,20.41
2007-10-24,20.8
2007-10-25,21.17
2007-10-26,19.56
2007-10-29,19.87
2007-10-30,21.07
2007-10-31,18.53
2007-11-01,23.21
2007-11-02,23.01
2007-11-05,24.31
2007-11-06,21.39
2007-11-07,26.49
2007-11-08,26.16
2007-11-09,28.5
2007-11-12,31.09
2007-11-13,24.1
2007-11-14,25.94
2007-11-15,28.06
2007-11-16,25.49
2007-11-19,26.01
2007-11-20,24.88
2007-11-21,26.84
2007-11-22,26.84
2007-11-23,25.61
2007-11-26,28.91
2007-11-27,26.28
2007-11-28,24.11
2007-11-29,23.97
2007-11-30,22.87
2007-12-03,23.61
2007-12-04,23.79
2007-12-05,22.53
2007-12-06,20.96
2007-12-07,20.85
2007-12-10,20.74
2007-12-11,23.59
2007-12-12,22.47
2007-12-13,22.56
2007-12-14,23.27
2007-12-17,24.52
2007-12-18,22.64
2007-12-19,21.68
2007-12-20,20.58
2007-12-21,18.47
2007-12-24,18.6
2007-12-25,18.6
2007-12-26,18.66
2007-12-27,20.26
2007-12-28,20.74
2007-12-31,22.5
2008-01-01,22.5
2008-01-02,23.17
2008-01-03,22.49
2008-01-04,23.94
2008-01-07,23.79
2008-01-08,25.43
2008-01-09,24.12
2008-01-10,23.45
2008-01-11,23.68
2008-01-14,22.9
2008-01-15,23.34
2008-01-16,24.38
2008-01-17,28.46
2008-01-18,27.18
2008-01-21,27.18
2008-01-22,31.01
2008-01-23,29.02
2008-01-24,27.78
2008-01-25,29.08
2008-01-28,27.78
2008-01-29,27.32
2008-01-30,27.62
2008-01-31,26.2
2008-02-01,24.02
2008-02-04,25.99
2008-02-05,28.24
2008-02-06,28.97
2008-02-07,27.66
2008-02-08,28.01
2008-02-11,27.6
2008-02-12,26.33
2008-02-13,24.88
2008-02-14,25.54
2008-02-15,25.02
2008-02-18,25.02
2008-02-19,25.59
2008-02-20,24.4
2008-02-21,25.12
2008-02-22,24.06
2008-02-25,23.03
2008-02-26,21.9
2008-02-27,22.69
2008-02-28,23.53
2008-02-29,26.54
2008-03-03,26.28
2008-03-04,25.52
2008-03-05,24.6
2008-03-06,27.55
2008-03-07,27.49
2008-03-10,29.38
2008-03-11,26.36
2008-03-12,27.22
2008-03-13,27.29
2008-03-14,31.16
2008-03-17,32.24
2008-03-18,25.79
2008-03-19,29.84
2008-03-20,26.62
2008-03-21,26.62
2008-03-24,25.73
2008-03-25,25.72
2008-03-26,26.08
2008-03-27,25.88
2008-03-28,25.71
2008-03-31,25.61
2008-04-01,22.68
2008-04-02,23.43
2008-04-03,23.21
2008-04-04,22.45
2008-04-07,22.42
2008-04-08,22.36
2008-04-09,22.81
2008-04-10,21.98
2008-04-11,23.46
2008-04-14,23.82
2008-04-15,22.78
2008-04-16,20.53
2008-04-17,20.37
2008-04-18,20.13
2008-04-21,20.5
2008-04-22,20.87
2008-04-23,20.26
2008-04-24,20.06
2008-04-25,19.59
2008-04-28,19.64
2008-04-29,20.24
2008-04-30,20.79
2008-05-01,18.88
2008-05-02,18.18
2008-05-05,18.9
2008-05-06,18.21
2008-05-07,19.73
2008-05-08,19.4
2008-05-09,19.41
2008-05-12,17.79
2008-05-13,17.98
2008-05-14,17.66
2008-05-15,16.3
2008-05-16,16.47
2008-05-19,17.01
2008-05-20,17.58
2008-05-21,18.59
2008-05-22,18.05
2008-05-23,19.55
2008-05-26,19.55
2008-05-27,19.64
2008-05-28,19.07
2008-05-29,18.14
2008-05-30,17.83
2008-06-02,19.83
2008-06-03,20.24
2008-06-04,20.8
2008-06-05,18.63
2008-06-06,23.56
2008-06-09,23.12
2008-06-10,23.18
2008-06-11,24.12
2008-06-12,23.33
2008-06-13,21.22
2008-06-16,20.95
2008-06-17,21.13
2008-06-18,22.24
2008-06-19,21.58
2008-06-20,22.87
2008-06-23,22.64
2008-06-24,22.42
2008-06-25,21.14
2008-06-26,23.93
2008-06-27,23.44
2008-06-30,23.95
2008-07-01,23.65
2008-07-02,25.92
2008-07-03,24.78
2008-07-04,24.78
2008-07-07,25.78
2008-07-08,23.15
2008-07-09,25.23
2008-07-10,25.59
2008-07-11,27.49
2008-07-14,28.48
2008-07-15,28.54
2008-07-16,25.1
2008-07-17,25.01
2008-07-18,24.05
2008-07-21,23.05
2008-07-22,21.18
2008-07-23,21.31
2008-07-24,23.44
2008-07-25,22.91
2008-07-28,24.23
2008-07-29,22.03
2008-07-30,21.21
2008-07-31,22.94
2008-08-01,22.57
2008-08-04,23.49
2008-08-05,21.14
2008-08-06,20.23
2008-08-07,21.15
2008-08-08,20.66
2008-08-11,20.12
2008-08-12,21.17
2008-08-13,21.55
2008-08-14,20.34
2008-08-15,19.58
2008-08-18,20.98
2008-08-19,21.28
2008-08-20,20.42
2008-08-21,19.82
2008-08-22,18.81
2008-08-25,20.97
2008-08-26,20.49
2008-08-27,19.76
2008-08-28,19.43
2008-08-29,20.65
2008-09-01,20.65
2008-09-02,21.99
2008-09-03,21.43
2008-09-04,24.03
2008-09-05,23.06
2008-09-08,22.64
2008-09-09,25.47
2008-09-10,24.52
2008-09-11,24.39
2008-09-12,25.66
2008-09-15,31.7
2008-09-16,30.3
2008-09-17,36.22
2008-09-18,33.1
2008-09-19,32.07
2008-09-22,33.85
2008-09-23,35.72
2008-09-24,35.19
2008-09-25,32.82
2008-09-26,34.74
2008-09-29,46.72
2008-09-30,39.39
2008-10-01,39.81
2008-10-02,45.26
2008-10-03,45.14
2008-10-06,52.05
2008-10-07,53.68
2008-10-08,57.53
2008-10-09,63.92
2008-10-10,69.95
2008-10-13,54.99
2008-10-14,55.13
2008-10-15,69.25
2008-10-16,67.61
2008-10-17,70.33
2008-10-20,52.97
2008-10-21,53.11
2008-10-22,69.65
2008-10-23,67.8
2008-10-24,79.13
2008-10-27,80.06
2008-10-28,66.96
2008-10-29,69.96
2008-10-30,62.9
2008-10-31,59.89
2008-11-03,53.68
2008-11-04,47.73
2008-11-05,54.56
2008-11-06,63.68
2008-11-07,56.1
2008-11-10,59.98
2008-11-11,61.44
2008-11-12,66.46
2008-11-13,59.83
2008-11-14,66.31
2008-11-17,69.15
2008-11-18,67.64
2008-11-19,74.26
2008-11-20,80.86
2008-11-21,72.67
2008-11-24,64.7
2008-11-25,60.9
2008-11-26,54.92
2008-11-27,54.92
2008-11-28,55.28
2008-12-01,68.51
2008-12-02,62.98
2008-12-03,60.72
2008-12-04,63.64
2008-12-05,59.93
2008-12-08,58.49
2008-12-09,58.91
2008-12-10,55.73
2008-12-11,55.78
2008-12-12,54.28
2008-12-15,56.76
2008-12-16,52.37
2008-12-17,49.84
2008-12-18,47.34
2008-12-19,44.93
2008-12-22,44.56
2008-12-23,45.02
2008-12-24,44.21
2008-12-25,44.21
2008-12-26,43.38
2008-12-29,43.9
2008-12-30,41.63
2008-12-31,40
2009-01-01,40
2009-01-02,39.19
2009-01-05,39.08
2009-01-06,38.56
2009-01-07,43.39
2009-01-08,42.56
2009-01-09,42.82
2009-01-12,45.84
2009-01-13,43.27
2009-01-14,49.14
2009-01-15,51
2009-01-16,46.11
2009-01-19,46.11
2009-01-20,56.65
2009-01-21,46.42
2009-01-22,47.29
2009-01-23,47.27
2009-01-26,45.69
2009-01-27,42.25
2009-01-28,39.66
2009-01-29,42.63
2009-01-30,44.84
2009-02-02,45.52
2009-02-03,43.06
2009-02-04,43.85
2009-02-05,43.73
2009-02-06,43.37
2009-02-09,43.64
2009-02-10,46.67
2009-02-11,44.53
2009-02-12,41.25
2009-02-13,42.93
2009-02-16,42.93
2009-02-17,48.66
2009-02-18,48.46
2009-02-19,47.08
2009-02-20,49.3
2009-02-23,52.62
2009-02-24,45.49
2009-02-25,44.67
2009-02-26,44.66
2009-02-27,46.35
2009-03-02,52.65
2009-03-03,50.93
2009-03-04,47.56
2009-03-05,50.17
2009-03-06,49.33
2009-03-09,49.68
2009-03-10,44.37
2009-03-11,43.61
2009-03-12,41.18
2009-03-13,42.36
2009-03-16,43.74
2009-03-17,40.8
2009-03-18,40.06
2009-03-19,43.68
2009-03-20,45.89
2009-03-23,43.23
2009-03-24,42.93
2009-03-25,42.25
2009-03-26,40.36
2009-03-27,41.04
2009-03-30,45.54
2009-03-31,44.14
2009-04-01,42.28
2009-04-02,42.04
2009-04-03,39.7
2009-04-06,40.93
2009-04-07,40.39
2009-04-08,38.85
2009-04-09,36.53
2009-04-10,36.53
2009-04-13,37.81
2009-04-14,37.67
2009-04-15,36.17
2009-04-16,35.79
2009-04-17,33.94
2009-04-20,39.18
2009-04-21,37.14
2009-04-22,38.1
2009-04-23,37.15
2009-04-24,36.82
2009-04-27,38.32
2009-04-28,37.95
2009-04-29,36.08
2009-04-30,36.5
2009-05-01,35.3
2009-05-04,34.53
2009-05-05,33.36
2009-05-06,32.45
2009-05-07,33.44
2009-05-08,32.05
2009-05-11,32.87
2009-05-12,31.8
2009-05-13,33.65
2009-05-14,31.37
2009-05-15,33.12
2009-05-18,30.24
2009-05-19,28.8
2009-05-20,29.03
2009-05-21,31.35
2009-05-22,32.63
2009-05-25,32.63
2009-05-26,30.62
2009-05-27,32.36
2009-05-28,31.67
2009-05-29,28.92
2009-06-01,30.04
2009-06-02,29.63
2009-06-03,31.02
2009-06-04,30.18
2009-06-05,29.62
2009-06-08,29.77
2009-06-09,28.27
2009-06-10,28.46
2009-06-11,28.11
2009-06-12,28.15
2009-06-15,30.81
2009-06-16,32.68
2009-06-17,31.54
2009-06-18,30.03
2009-06-19,27.99
2009-06-22,31.17
2009-06-23,30.58
2009-06-24,29.05
2009-06-25,26.36
2009-06-26,25.93
2009-06-29,25.35
2009-06-30,26.35
2009-07-01,26.22
2009-07-02,27.95
2009-07-03,27.95
2009-07-06,29
2009-07-07,30.85
2009-07-08,31.3
2009-07-09,29.78
2009-07-10,29.02
2009-07-13,26.31
2009-07-14,25.02
2009-07-15,25.89
2009-07-16,25.42
2009-07-17,24.34
2009-07-20,24.4
2009-07-21,23.87
2009-07-22,23.47
2009-07-23,23.43
2009-07-24,23.09
2009-07-27,24.28
2009-07-28,25.01
2009-07-29,25.61
2009-07-30,25.4
2009-07-31,25.92
2009-08-03,25.56
2009-08-04,24.89
2009-08-05,24.9
2009-08-06,25.67
2009-08-07,24.76
2009-08-10,24.99
2009-08-11,25.99
2009-08-12,25.45
2009-08-13,24.71
2009-08-14,24.27
2009-08-17,27.89
2009-08-18,26.18
2009-08-19,26.26
2009-08-20,25.09
2009-08-21,25.01
2009-08-24,25.14
2009-08-25,24.92
2009-08-26,24.95
2009-08-27,24.68
2009-08-28,24.76
2009-08-31,26.01
2009-09-01,29.15
2009-09-02,28.9
2009-09-03,27.1
2009-09-04,25.26
2009-09-07,25.26
2009-09-08,25.62
2009-09-09,24.32
2009-09-10,23.55
2009-09-11,24.15
2009-09-14,23.86
2009-09-15,23.42
2009-09-16,23.69
2009-09-17,23.65
2009-09-18,23.92
2009-09-21,24.06
2009-09-22,23.08
2009-09-23,23.49
2009-09-24,24.95
2009-09-25,25.61
2009-09-28,24.88
2009-09-29,25.19
2009-09-30,25.61
2009-10-01,28.27
2009-10-02,28.68
2009-10-05,26.84
2009-10-06,25.7
2009-10-07,24.68
2009-10-08,24.18
2009-10-09,23.12
2009-10-12,23.01
2009-10-13,22.99
2009-10-14,22.86
2009-10-15,21.72
2009-10-16,21.43
2009-10-19,21.49
2009-10-20,20.9
2009-10-21,22.22
2009-10-22,20.69
2009-10-23,22.27
2009-10-26,24.31
2009-10-27,24.83
2009-10-28,27.91
2009-10-29,24.76
2009-10-30,30.69
2009-11-02,29.78
2009-11-03,28.81
2009-11-04,27.72
2009-11-05,25.43
2009-11-06,24.19
2009-11-09,23.15
2009-11-10,22.84
2009-11-11,23.04
2009-11-12,24.24
2009-11-13,23.36
2009-11-16,22.89
2009-11-17,22.41
2009-11-18,21.63
2009-11-19,22.63
2009-11-20,22.19
2009-11-23,21.16
2009-11-24,20.47
2009-11-25,20.48
2009-11-26,20.48
2009-11-27,24.74
2009-11-30,24.51
2009-12-01,21.92
2009-12-02,21.12
2009-12-03,22.46
2009-12-04,21.25
2009-12-07,22.1
2009-12-08,23.69
2009-12-09,22.66
2009-12-10,22.32
2009-12-11,21.59
2009-12-14,21.15
2009-12-15,21.49
2009-12-16,20.54
2009-12-17,22.51
2009-12-18,21.68
2009-12-21,20.49
2009-12-22,19.54
2009-12-23,19.71
2009-12-24,19.47
2009-12-25,19.47
2009-12-28,19.93
2009-12-29,20.01
2009-12-30,19.96
2009-12-31,21.68
2018-01-02,9.77
2018-01-03,9.15
2018-01-04,9.22
2018-01-05,9.22
2018-01-08,9.52
2018-01-09,10.08
2018-01-10,9.82
2018-01-11,9.88
2018-01-12,10.16
2018-01-15,10.16
2018-01-16,11.66
2018-01-17,11.91
2018-01-18,12.22
2018-01-19,11.27
2018-01-22,11.03
2018-01-23,11.1
2018-01-24,11.47
2018-01-25,11.58
2018-01-26,11.08
2018-01-29,13.84
2018-01-30,14.79
2018-01-31,13.54
2018-02-01,13.47
2018-02-02,17.31
2018-02-05,37.32
2018-02-06,29.98
2018-02-07,27.73
2018-02-08,33.46
2018-02-09,29.06
2018-02-12,25.61
2018-02-13,24.97
2018-02-14,19.26
2018-02-15,19.13
2018-02-16,19.46
2018-02-19,19.46
2018-02-20,20.6
2018-02-21,20.02
2018-02-22,18.72
2018-02-23,16.49
2018-02-26,15.8
2018-02-27,18.59
2018-02-28,19.85
2018-03-01,22.47
2018-03-02,19.59
2018-03-05,18.73
2018-03-06,18.36
2018-03-07,17.76
2018-03-08,16.54
2018-03-09,14.64
2018-03-12,15.78
2018-03-13,16.35
2018-03-14,17.23
2018-03-15,16.59
2018-03-16,15.8
2018-03-19,19.02
2018-03-20,18.2
2018-03-21,17.86
2018-03-22,23.34
2018-03-23,24.87
2018-03-26,21.03
2018-03-27,22.5
2018-03-28,22.87
2018-03-29,19.97
2018-03-30,19.97
2018-04-02,23.62
2018-04-03,21.1
2018-04-04,20.06
2018-04-05,18.94
2018-04-06,21.49
2018-04-09,21.77
2018-04-10,20.47
2018-04-11,20.24
2018-04-12,18.49
2018-04-13,17.41
2018-04-16,16.56
2018-04-17,15.25
2018-04-18,15.6
2018-04-19,15.96
2018-04-20,16.88
2018-04-23,16.34
2018-04-24,18.02
2018-04-25,17.84
2018-04-26,16.24
2018-04-27,15.41
2018-04-30,15.93
2018-05-01,15.49
2018-05-02,15.97
2018-05-03,15.9
2018-05-04,14.77
2018-05-07,14.75
2018-05-08,14.71
2018-05-09,13.42
2018-05-10,13.23
2018-05-11,12.65
2018-05-14,12.93
2018-05-15,14.63
2018-05-16,13.42
2018-05-17,13.43
2018-05-18,13.42
2018-05-21,13.08
2018-05-22,13.22
2018-05-23,12.58
2018-05-24,12.53
2018-05-25,13.22
2018-05-28,13.22
2018-05-29,17.02
2018-05-30,14.94
2018-05-31,15.43
2018-06-01,13.46
2018-06-04,12.74
2018-06-05,12.4
2018-06-06,11.64
2018-06-07,12.13
2018-06-08,12.18
2018-06-11,12.35
2018-06-12,12.34
2018-06-13,12.94
2018-06-14,12.12
2018-06-15,11.98
2018-06-18,12.31
2018-06-19,13.35
2018-06-20,12.79
2018-06-21,14.64
2018-06-22,13.77
2018-06-25,17.33
2018-06-26,15.92
2018-06-27,17.91
2018-06-28,16.85
2018-06-29,16.09
2018-07-02,15.6
2018-07-03,16.14
2018-07-04,16.14
2018-07-05,14.97
2018-07-06,13.37
2018-07-09,12.69
2018-07-10,12.64
2018-07-11,13.63
2018-07-12,12.58
2018-07-13,12.18
2018-07-16,12.83
2018-07-17,12.06
2018-07-18,12.1
2018-07-19,12.87
2018-07-20,12.86
2018-07-23,12.62
2018-07-24,12.41
2018-07-25,12.29
2018-07-26,12.14
2018-07-27,13.03
2018-07-30,14.26
2018-07-31,12.83
2018-08-01,13.15
2018-08-02,12.19
2018-08-03,11.64
2018-08-06,11.27
2018-08-07,10.93
2018-08-08,10.85
2018-08-09,11.27
2018-08-10,13.16
2018-08-13,14.78
2018-08-14,13.31
2018-08-15,14.64
2018-08-16,13.45
2018-08-17,12.64
2018-08-20,12.49
2018-08-21,12.86
2018-08-22,12.25
2018-08-23,12.41
2018-08-24,11.99
2018-08-27,12.16
2018-08-28,12.5
2018-08-29,12.25
2018-08-30,13.53
2018-08-31,12.86
2018-09-03,12.86
2018-09-04,13.16
2018-09-05,13.91
2018-09-06,14.65
2018-09-07,14.88
2018-09-10,14.16
2018-09-11,13.22
2018-09-12,13.14
2018-09-13,12.37
2018-09-14,12.07
2018-09-17,13.68
2018-09-18,12.79
2018-09-19,11.75
2018-09-20,11.8
2018-09-21,11.68
2018-09-24,12.2
2018-09-25,12.42
2018-09-26,12.89
2018-09-27,12.41
2018-09-28,12.12
2018-10-01,12
2018-10-02,12.05
2018-10-03,11.61
2018-10-04,14.22
2018-10-05,14.82
2018-10-08,15.69
2018-10-09,15.95
2018-10-10,22.96
2018-10-11,24.98
2018-10-12,21.31
2018-10-15,21.3
2018-10-16,17.62
2018-10-17,17.4
2018-10-18,20.06
2018-10-19,19.89
2018-10-22,19.64
2018-10-23,20.71
2018-10-24,25.23
2018-10-25,24.22
2018-10-26,24.16
2018-10-29,24.7
2018-10-30,23.35
2018-10-31,21.23
2018-11-01,19.34
2018-11-02,19.51
2018-11-05,19.96
2018-11-06,19.91
2018-11-07,16.36
2018-11-08,16.72
2018-11-09,17.36
2018-11-12,20.45
2018-11-13,20.02
2018-11-14,21.25
2018-11-15,19.98
2018-11-16,18.14
2018-11-19,20.1
2018-11-20,22.48
2018-11-21,20.8
2018-11-22,20.8
2018-11-23,21.52
2018-11-26,18.9
2018-11-27,19.02
2018-11-28,18.49
2018-11-29,18.79
2018-11-30,18.07
2018-12-03,16.44
2018-12-04,20.74
2018-12-05,20.74
2018-12-06,21.19
2018-12-07,23.23
2018-12-10,22.64
2018-12-11,21.76
2018-12-12,21.46
2018-12-13,20.65
2018-12-14,21.63
2018-12-17,24.52
2018-12-18,25.58
2018-12-19,25.58
2018-12-20,28.38
2018-12-21,30.11
2018-12-24,36.07
2018-12-25,36.07
2018-12-26,30.41
2018-12-27,29.96
2018-12-28,28.34
2018-12-31,25.42
2019-01-01,25.42
2019-01-02,23.22
2019-01-03,25.45
2019-01-04,21.38
2019-01-07,21.4
2019-01-08,20.47
2019-01-09,19.98
2019-01-10,19.5
2019-01-11,18.19
2019-01-14,19.07
2019-01-15,18.6
2019-01-16,19.04
2019-01-17,18.06
2019-01-18,17.8
2019-01-21,17.8
2019-01-22,20.8
2019-01-23,19.52
2019-01-24,18.89
2019-01-25,17.42
2019-01-28,18.87
2019-01-29,19.13
2019-01-30,17.66
2019-01-31,16.57
2019-02-01,16.14
2019-02-04,15.73
2019-02-05,15.57
2019-02-06,15.38
2019-02-07,16.37
2019-02-08,15.72
2019-02-11,15.97
2019-02-12,15.43
2019-02-13,15.65
2019-02-14,16.22
2019-02-15,14.91
2019-02-18,14.91
2019-02-19,14.88
2019-02-20,14.02
2019-02-21,14.46
2019-02-22,13.51
2019-02-25,14.85
2019-02-26,15.17
2019-02-27,14.7
2019-02-28,14.78
2019-03-01,13.57
2019-03-04,14.63
2019-03-05,14.74
2019-03-06,15.74
2019-03-07,16.59
2019-03-08,16.05
2019-03-11,14.33
2019-03-12,13.77
2019-03-13,13.41
2019-03-14,13.5
2019-03-15,12.88
2019-03-18,13.1
2019-03-19,13.56
2019-03-20,13.91
2019-03-21,13.63
2019-03-22,16.48
2019-03-25,16.33
2019-03-26,14.68
2019-03-27,15.15
2019-03-28,14.43
2019-03-29,13.71
2019-04-01,13.4
2019-04-02,13.36
2019-04-03,13.74
2019-04-04,13.58
2019-04-05,12.82
2019-04-08,13.18
2019-04-09,14.28
2019-04-10,13.3
2019-04-11,13.02
2019-04-12,12.01
2019-04-15,12.32
2019-04-16,12.18
2019-04-17,12.6
2019-04-18,12.09
2019-04-19,12.09
2019-04-22,12.42
2019-04-23,12.28
2019-04-24,13.14
2019-04-25,13.25
2019-04-26,12.73
2019-04-29,13.11
2019-04-30,13.12
2019-05-01,14.8
2019-05-02,14.42
2019-05-03,12.87
2019-05-06,15.44
2019-05-07,19.32
2019-05-08,19.4
2019-05-09,19.1
2019-05-10,16.04
2019-05-13,20.55
2019-05-14,18.06
2019-05-15,16.44
2019-05-16,15.29
2019-05-17,15.96
2019-05-20,16.31
2019-05-21,14.95
2019-05-22,14.75
2019-05-23,16.92
2019-05-24,15.85
2019-05-27,15.85
2019-05-28,17.5
2019-05-29,17.9
2019-05-30,17.3
2019-05-31,18.71
2019-06-03,18.86
2019-06-04,16.97
2019-06-05,16.09
2019-06-06,15.93
2019-06-07,16.3
2019-06-10,15.94
2019-06-11,15.99
2019-06-12,15.91
2019-06-13,15.82
2019-06-14,15.28
2019-06-17,15.35
2019-06-18,15.15
2019-06-19,14.33
2019-06-20,14.75
2019-06-21,15.4
2019-06-24,15.26
2019-06-25,16.28
2019-06-26,16.21
2019-06-27,15.82
2019-06-28,15.08
2019-07-01,14.06
2019-07-02,12.93
2019-07-03,12.57
2019-07-04,12.57
2019-07-05,13.28
2019-07-08,13.96
2019-07-09,14.09
2019-07-10,13.03
2019-07-11,12.93
2019-07-12,12.39
2019-07-15,12.68
2019-07-16,12.86
2019-07-17,13.97
2019-07-18,13.53
2019-07-19,14.45
2019-07-22,13.53
2019-07-23,12.61
2019-07-24,12.07
2019-07-25,12.74
2019-07-26,12.16
2019-07-29,12.83
2019-07-30,13.94
2019-07-31,16.12
2019-08-01,17.87
2019-08-02,17.61
2019-08-05,24.59
2019-08-06,20.17
2019-08-07,19.49
2019-08-08,16.91
2019-08-09,17.97
2019-08-12,21.09
2019-08-13,17.52
2019-08-14,22.1
2019-08-15,21.18
2019-08-16,18.47
2019-08-19,16.88
2019-08-20,17.5
2019-08-21,15.8
2019-08-22,16.68
2019-08-23,19.87
2019-08-26,19.32
2019-08-27,20.31
2019-08-28,19.35
2019-08-29,17.88
2019-08-30,18.98
2019-09-02,18.98
2019-09-03,19.66
2019-09-04,17.33
2019-09-05,16.27
2019-09-06,15
2019-09-09,15.27
2019-09-10,15.2
2019-09-11,14.61
2019-09-12,14.22
2019-09-13,13.74
2019-09-16,14.67
2019-09-17,14.44
2019-09-18,13.95
2019-09-19,14.05
2019-09-20,15.32
2019-09-23,14.91
2019-09-24,17.05
2019-09-25,15.96
2019-09-26,16.07
2019-09-27,17.22
2019-09-30,16.24
2019-10-01,18.56
2019-10-02,20.56
2019-10-03,19.12
2019-10-04,17.04
2019-10-07,17.86
2019-10-08,20.28
2019-10-09,18.64
2019-10-10,17.57
2019-10-11,15.58
2019-10-14,14.57
2019-10-15,13.54
2019-10-16,13.68
2019-10-17,13.79
2019-10-18,14.25
2019-10-21,14
2019-10-22,14.46
2019-10-23,14.01
2019-10-24,13.71
2019-10-25,12.65
2019-10-28,13.11
2019-10-29,13.2
2019-10-30,12.33
2019-10-31,13.22
2019-11-01,12.3
2019-11-04,12.83
2019-11-05,13.1
2019-11-06,12.62
2019-11-07,12.73
2019-11-08,12.07
2019-11-11,12.69
2019-11-12,12.68
2019-11-13,13
2019-11-14,13.05
2019-11-15,12.05
2019-11-18,12.46
2019-11-19,12.86
2019-11-20,12.78
2019-11-21,13.13
2019-11-22,12.34
2019-11-25,11.87
2019-11-26,11.54
2019-11-27,11.75
2019-11-28,11.75
2019-11-29,12.62
2019-12-02,14.91
2019-12-03,15.96
2019-12-04,14.8
2019-12-05,14.52
2019-12-06,13.62
2019-12-09,15.86
2019-12-10,15.68
2019-12-11,14.99
2019-12-12,13.94
2019-12-13,12.63
2019-12-16,12.14
2019-12-17,12.29
2019-12-18,12.58
2019-12-19,12.5
2019-12-20,12.51
2019-12-23,12.61
2019-12-24,12.67
2019-12-25,12.67
2019-12-26,12.65
2019-12-27,13.43
2019-12-30,14.82
2019-12-31,13.78
2020-01-01,13.78
2020-01-02,12.47
2020-01-03,14.02
2020-01-06,13.85
2020-01-07,13.79
2020-01-08,13.45
2020-01-09,12.54
2020-01-10,12.56
2020-01-13,12.32
2020-01-14,12.39
2020-01-15,12.42
2020-01-16,12.32
2020-01-17,12.1
2020-01-20,12.1
2020-01-21,12.85
2020-01-22,12.91
2020-01-23,12.98
2020-01-24,14.56
2020-01-27,18.23
2020-01-28,16.28
2020-01-29,16.39
2020-01-30,15.49
2020-01-31,18.84
2020-02-03,17.97
2020-02-04,16.05
2020-02-05,15.15
2020-02-06,14.96
2020-02-07,15.47
2020-02-10,15.04
2020-02-11,15.18
2020-02-12,13.74
2020-02-13,14.15
2020-02-14,13.68
2020-02-17,13.68
2020-02-18,14.83
2020-02-19,14.38
2020-02-20,15.56
2020-02-21,17.08
2020-02-24,25.03
2020-02-25,27.85
2020-02-26,27.56
2020-02-27,39.16
2020-02-28,40.11
2020-03-02,33.42
2020-03-03,36.82
2020-03-04,31.99
2020-03-05,39.62
2020-03-06,41.94
2020-03-09,54.46
2020-03-10,47.3
2020-03-11,53.9
2020-03-12,75.47
2020-03-13,57.83
2020-03-16,82.69
2020-03-17,75.91
2020-03-18,76.45
2020-03-19,72
2020-03-20,66.04
2020-03-23,61.59
2020-03-24,61.67
2020-03-25,63.95
2020-03-26,61
2020-03-27,65.54
2020-03-30,57.08
2020-03-31,53.54
2020-04-01,57.06
2020-04-02,50.91
2020-04-03,46.8
2020-04-06,45.24
2020-04-07,46.7
2020-04-08,43.35
2020-04-09,41.67
2020-04-10,41.67
2020-04-13,41.17
2020-04-14,37.76
2020-04-15,40.84
2020-04-16,40.11
2020-04-17,38.15
2020-04-20,43.83
2020-04-21,45.41
2020-04-22,41.98
2020-04-23,41.38
2020-04-24,35.93
2020-04-27,33.29
2020-04-28,33.57
2020-04-29,31.23
2020-04-30,34.15
2020-05-01,37.19
2020-05-04,35.97
2020-05-05,33.61
2020-05-06,34.12
2020-05-07,31.44
2020-05-08,27.98
2020-05-11,27.57
2020-05-12,33.04
2020-05-13,35.28
2020-05-14,32.61
2020-05-15,31.89
2020-05-18,29.3
2020-05-19,30.53
2020-05-20,27.99
2020-05-21,29.53
2020-05-22,28.16
2020-05-25,28.16
2020-05-26,28.01
2020-05-27,27.62
2020-05-28,28.59
2020-05-29,27.51
2020-06-01,28.23
2020-06-02,26.84
2020-06-03,25.66
2020-06-04,25.81
2020-06-05,24.52
2020-06-08,25.81
2020-06-09,27.57
2020-06-10,27.57
2020-06-11,40.79
2020-06-12,36.09
2020-06-15,34.4
2020-06-16,33.67
2020-06-17,33.47
2020-06-18,32.94
2020-06-19,35.12
2020-06-22,31.77
2020-06-23,31.37
2020-06-24,33.84
2020-06-25,32.22
2020-06-26,34.73
2020-06-29,31.78
2020-06-30,30.43
2020-07-01,28.62
2020-07-02,27.68
2020-07-03,27.68
2020-07-06,27.94
2020-07-07,29.43
2020-07-08,28.08
2020-07-09,29.26
2020-07-10,27.29
2020-07-13,32.19
2020-07-14,29.52
2020-07-15,27.76
2020-07-16,28
2020-07-17,25.68
2020-07-20,24.46
2020-07-21,24.84
2020-07-22,24.32
2020-07-23,26.08
2020-07-24,25.84
2020-07-27,24.74
2020-07-28,25.44
2020-07-29,24.1
2020-07-30,24.76
2020-07-31,24.46
2020-08-03,24.28
2020-08-04,23.76
2020-08-05,22.99
2020-08-06,22.65
2020-08-07,22.21
2020-08-10,22.13
2020-08-11,24.03
2020-08-12,22.28
2020-08-13,22.13
2020-08-14,22.05
2020-08-17,21.35
2020-08-18,21.51
2020-08-19,22.54
2020-08-20,22.72
2020-08-21,22.54
2020-08-24,22.37
2020-08-25,22.03
2020-08-26,23.27
2020-08-27,24.47
2020-08-28,22.96
2020-08-31,26.41
2020-09-01,26.12
2020-09-02,26.57
2020-09-03,33.6
2020-09-04,30.75
2020-09-07,30.75
2020-09-08,31.46
2020-09-09,28.81
2020-09-10,29.71
2020-09-11,26.87
2020-09-14,25.85
2020-09-15,25.59
2020-09-16,26.04
2020-09-17,26.46
2020-09-18,25.83
2020-09-21,27.78
2020-09-22,26.86
2020-09-23,28.58
2020-09-24,28.51
2020-09-25,26.38
2020-09-28,26.19
2020-09-29,26.27
2020-09-30,26.37
2020-10-01,26.7
2020-10-02,27.63
2020-10-05,27.96
2020-10-06,29.48
2020-10-07,28.06
2020-10-08,26.36
2020-10-09,25
2020-10-12,25.07
2020-10-13,26.07
2020-10-14,26.4
2020-10-15,26.97
2020-10-16,27.41
2020-10-19,29.18
2020-10-20,29.35
2020-10-21,28.65
2020-10-22,28.11
2020-10-23,27.55
2020-10-26,29.93
2020-10-27,33.35
2020-10-28,40.28
2020-10-29,37.59
2020-10-30,38.02
2020-11-02,37.13
2020-11-03,35.55
2020-11-04,29.57
2020-11-05,27.58
2020-11-06,24.86
2020-11-09,25.75
2020-11-10,24.8
2020-11-11,23.45
2020-11-12,25.35
2020-11-13,23.1
2020-11-16,22.45
2020-11-17,22.71
2020-11-18,23.84
2020-11-19,23.11
2020-11-20,23.7
2020-11-23,22.66
2020-11-24,21.64
2020-11-25,21.25
2020-11-26,21.25
2020-11-27,20.84
2020-11-30,20.57
2020-12-01,20.77
2020-12-02,21.17
2020-12-03,21.28
2020-12-04,20.79
2020-12-07,21.3
2020-12-08,20.68
2020-12-09,22.27
2020-12-10,22.52
2020-12-11,23.31
2020-12-14,24.72
2020-12-15,22.89
2020-12-16,22.5
2020-12-17,21.93
2020-12-18,21.57
2020-12-21,25.16
2020-12-22,24.23
2020-12-23,23.31
2020-12-24,21.53
2020-12-25,21.53
2020-12-28,21.7
2020-12-29,23.08
2020-12-30,22.77
2020-12-31,22.75
