ticker,FRM_index,FRM_q50,FRM_q60,FRM_q70,FRM_q80,FRM_q90,FRM_iqr
2019-01-01,0.033587584370463,0.029973978667434,0.0344232287391805,0.0371445298077673,0.0421423719499687,0.0539092724099732,0.00748922371962885
2019-01-02,0.0367375474942793,0.0329261342202403,0.0357405969696582,0.0386813395209435,0.0458285782852199,0.0524708534728677,0.00746041145232867
2019-01-03,0.0335727684611837,0.0305401547226912,0.0337425800118025,0.0363397171238771,0.0404876596658233,0.0507697925020237,0.00678837333363805
2019-01-04,0.0343979833801303,0.0323090494443546,0.035586616930536,0.0377972376535857,0.0413187411603312,0.0521484724648295,0.00703848891432273
2019-01-07,0.0334967985344887,0.0313301608395941,0.0333334355212028,0.0386393750673056,0.0419026899152167,0.0477779021791113,0.00717011345819339
2019-01-08,0.0348291190189401,0.0333154383961526,0.0359875610397259,0.0375094624018614,0.0451907411292435,0.0511961922133601,0.00745589356845323
2019-01-09,0.0346387241576711,0.0324471986294236,0.0344814746451111,0.0380479794118824,0.0424770319218548,0.0511146081553996,0.00688243956071964
2019-01-10,0.0348526473814565,0.0327651322803542,0.0346135258278186,0.0398625700880016,0.0430263345207645,0.0495387745341108,0.00743962181640228
2019-01-11,0.0347923400546747,0.0314504116004113,0.033906922612864,0.0397194560688044,0.0450668405031553,0.0552225256234208,0.00766732163113702
2019-01-14,0.0340363573937157,0.0306839360930305,0.0340244913915215,0.0373359479946886,0.043410387000923,0.053324883958334,0.00725242217032379
2019-01-15,0.0337562709380017,0.0308089101550181,0.0340146378868687,0.0367182305716253,0.0434557159463058,0.0500957629195708,0.00695014132685804
2019-01-16,0.0337198104596777,0.0302117762321082,0.0332170954068746,0.0366493805264215,0.0412667080269337,0.0517413957901718,0.00705451615738585
2019-01-17,0.0329147149576915,0.0305565558705651,0.033374110243196,0.0352893881755941,0.0402738763535924,0.0512757495568213,0.00597650935808615
2019-01-18,0.0335001168517674,0.0313718941529911,0.0335383565751036,0.0360884908947113,0.0401878413251822,0.0489064975409726,0.00630873182744547
2019-01-21,0.032369793312397,0.0301286309262285,0.0324688062312963,0.0349930254651807,0.0385124808461594,0.0433013277303258,0.00585853414720475
2019-01-22,0.0322306375072992,0.0292834929348824,0.0317885581509066,0.0366207129537015,0.0407629810306546,0.0472123324351,0.00700724179457075
2019-01-23,0.0316974463264496,0.0291720934505104,0.0314682963286426,0.0344826136336854,0.0384824730138243,0.0463297103560636,0.00633780203382388
2019-01-24,0.0323362600284727,0.0302066171204528,0.0318668000759983,0.0355109321809362,0.039652338372637,0.0495555254244358,0.00611034700936639
2019-01-25,0.0333306011213217,0.0305953150783035,0.0324177577307916,0.0364066192284769,0.0419484641659549,0.0496637632636052,0.00723154446113307
2019-01-28,0.0320072634916435,0.0307643143324958,0.0330951079048351,0.0352954922507635,0.0375664749382632,0.0471476399293859,0.00592396158349361
2019-01-29,0.0322613752436736,0.0302224124412816,0.0318203406096188,0.035623802644626,0.0392563517141908,0.0465178842368502,0.00634907925838947
2019-01-30,0.0315620498706382,0.0283276246567268,0.0312755419706027,0.0339716636147187,0.0376351236040175,0.0458034866262951,0.00608211753703341
2019-01-31,0.0321624492823851,0.029600146068604,0.0312333727020375,0.0359108402776995,0.0398716864523191,0.0469333739850583,0.0068835461563317
2019-02-01,0.0321537300348942,0.0291097761583179,0.0320946129596723,0.0356465518549579,0.0392439252573392,0.0455377372274582,0.00605974029418029
2019-02-04,0.0314823171105159,0.0288624247762412,0.030746710018959,0.0338221545103682,0.0389118546139739,0.0434668830746835,0.00573038933991779
2019-02-05,0.0318533468546128,0.0290871499600425,0.0301819543881767,0.0340653052697503,0.0394777087415944,0.0437623786333062,0.00647053195087217
2019-02-06,0.031569346416617,0.0288171065845305,0.0320214610287272,0.034632416257414,0.0376964423632147,0.0430136331954916,0.00516783851237871
2019-02-07,0.0315523618766319,0.0293114538303308,0.0313512269920502,0.0346483195913577,0.0374103799144935,0.0433842345318354,0.00528222070417533
2019-02-08,0.0310039454880659,0.0296862085908105,0.0318076728092849,0.0340075358542083,0.0384150190696635,0.0417036297107689,0.00601051976717784
2019-02-11,0.0348169195826702,0.0280974131940007,0.0310404815313949,0.0350459017046094,0.039394999248888,0.0474188114076418,0.00648178805173249
2019-02-12,0.0313932209269345,0.0282295751685748,0.0315385084763826,0.0352733473494891,0.0402517932911996,0.0477461093567978,0.00691628382758391
2019-02-13,0.0310815539637839,0.0289331743079298,0.0317612407181989,0.0355480076656935,0.0389284768754851,0.0453978230833599,0.00661127284507499
2019-02-14,0.0308917615190129,0.0288447843123466,0.030873724104797,0.0343231553471594,0.0384088443161136,0.045070357864563,0.00609119294828601
2019-02-15,0.0316113404735788,0.0292457951201,0.0316689619320742,0.0340380773655407,0.0416307066286819,0.0490708657430023,0.00674242786741018
2019-02-18,0.030907445363318,0.0298430236589565,0.0309544060135372,0.0328494781602864,0.0383607738451794,0.0466724736402382,0.00604242959216762
2019-02-19,0.0308661843539489,0.0295560474768142,0.0317381218440701,0.0339795750118568,0.0375656844822603,0.0438563449807981,0.00605858133267126
2019-02-20,0.0314295918300919,0.0290661611276795,0.032075675576182,0.0344581773711776,0.0381357873014461,0.0472737610883314,0.00629770467535335
2019-02-21,0.0315322129270823,0.030106396540776,0.0321952336986037,0.0346071933441058,0.0387731666645882,0.0485931795110277,0.00564208180035221
2019-02-22,0.0317354123143671,0.0299654822059126,0.0318189147302859,0.0357751716523974,0.03954668161447,0.043669816962131,0.00594249420689988
2019-02-25,0.031545024596782,0.0306455476733943,0.0326280164809561,0.0348626791236091,0.0383601268935349,0.0466322946679292,0.00580570015622314
2019-02-26,0.0315683822095772,0.0311199827996693,0.033394042263187,0.0350620705097684,0.0391821952538645,0.0439266068518821,0.00598343754251241
2019-02-27,0.0315641559650608,0.030624025982687,0.0318732363178112,0.0350380892162884,0.0387477108775926,0.0442598388735295,0.00621262385200672
2019-02-28,0.0310725691939369,0.0294326216568189,0.0320146625358414,0.0354152403582535,0.0391651980373623,0.0414987544705207,0.00681030158578665
2019-03-01,0.0288852785814309,0.0273831731248114,0.028634075718866,0.0320393089044376,0.0360486430302787,0.0396496301464968,0.00476510172929818
2019-03-04,0.0290952435947135,0.0282433146527242,0.0302271354465351,0.0324014264007149,0.0359341565534118,0.0391680779725157,0.00553482929667813
2019-03-05,0.0288205141769746,0.0279654373980963,0.0295058431960728,0.0317996273253534,0.0353127542844381,0.0398601430401855,0.00493474043565973
2019-03-06,0.028151646884439,0.0283128186902461,0.0293730988478869,0.0307021332262021,0.034174046466523,0.0386401483218541,0.00577117009490235
2019-03-07,0.0276695449973548,0.0268429603767816,0.0288622655414147,0.0321107159035516,0.0343918961418109,0.037629224995951,0.00592587165006143
2019-03-08,0.0278687395479449,0.0272391289973257,0.0289371121914926,0.0312068135353263,0.0338414627864158,0.036926045532836,0.00510532353597884
2019-03-11,0.0275454152543637,0.0269494228297387,0.0286201292307703,0.0310120086133436,0.0338528677763279,0.0387321152925815,0.00530091310819453
2019-03-12,0.0272224995269696,0.0268846632828829,0.0292409542371477,0.0304733178311807,0.0325765299791859,0.0359636019587014,0.0047375388562837
2019-03-13,0.0274820278679937,0.0265821644126983,0.0292616210294163,0.0308446552828905,0.0327997913870447,0.0376108302049224,0.00449947354908611
2019-03-14,0.0265064527257929,0.0251511685977382,0.0274143887659476,0.0299801882915027,0.0321410036289219,0.0360933332830898,0.00508638974144325
2019-03-15,0.0255673662916114,0.0254584715387585,0.0261642267463433,0.0283665737353406,0.030686091506068,0.0343140992205843,0.00414642251942313
2019-03-18,0.0256029542807139,0.024465434178741,0.0261419504494195,0.0281740166300722,0.0321871122537111,0.0363894042213295,0.00462548974803153
2019-03-19,0.0253996184863807,0.0247572296327676,0.0260713473755847,0.0275707168703876,0.0304005105591113,0.0356563947107696,0.00412181425171462
2019-03-20,0.0250188496489353,0.0238047898442637,0.0257050895915218,0.0276363503566225,0.0302792124771096,0.0351048802261921,0.00499228385099423
2019-03-21,0.0234286187482625,0.0217429330515663,0.0231802976903068,0.0260552751513021,0.0296232627718053,0.0333329250203041,0.0056250710983907
2019-03-22,0.0254257187240869,0.0233865567463417,0.0252318596352817,0.0265985959768182,0.0300685305105587,0.0370691513868706,0.00429900937636047
2019-03-25,0.0274303872107763,0.0240433328907794,0.0263105244912136,0.0279127460170868,0.0324399702271544,0.0403699704787887,0.00504334945311646
2019-03-26,0.0246174490570313,0.0221803665613479,0.0240060370060881,0.025752096688415,0.0290580493458687,0.0366732155182953,0.00444563185551725
2019-03-27,0.0249187362626584,0.0225963664042427,0.0246597311920596,0.0274498032690615,0.0292030323067101,0.0391278973388998,0.00469842704832253
2019-03-28,0.0244955005507235,0.0212996366132032,0.0237762729436766,0.0277708157576355,0.0321090804757944,0.0383908378962613,0.00587761844048763
2019-03-29,0.0247658413016318,0.0227303580074458,0.0244722955291897,0.0267389001500231,0.0299265827600937,0.0385595982199744,0.00495465720592429
2019-04-01,0.0246867741085655,0.022359091507233,0.0244019245841418,0.0262320142580925,0.0303334198936615,0.0400810807631133,0.0045811112688099
2019-04-02,0.0245745352564372,0.0222232656101288,0.0252847544099868,0.0271547683053407,0.029362076999542,0.0366198962182229,0.00556304946103503
2019-04-03,0.0233319754832082,0.0210156739787032,0.023238285913701,0.0239438266209535,0.0279992505350315,0.0348232964618753,0.00461300568178012
2019-04-04,0.0232373455383402,0.0208146954841159,0.0226548964019851,0.0248000273815901,0.0269832332097369,0.0347751609029643,0.00420259182257878
2019-04-05,0.0231289704358931,0.0205709360175698,0.022178157611456,0.0235234248309233,0.0264021014878963,0.0346853077180564,0.00335249887684816
2019-04-08,0.0217024211303831,0.0193339551215711,0.0209446612069878,0.0228517502320002,0.0255295216141842,0.0299244263969401,0.00313662785702143
2019-04-09,0.0220831792885371,0.0207024351557396,0.0219297162804959,0.023422937991707,0.0257447294447846,0.0301900319295621,0.00399947596326053
2019-04-10,0.0228635837873217,0.0208502768973364,0.0215900000075502,0.0234590493956338,0.0256752057612169,0.0319172876401602,0.00396491020812603
2019-04-11,0.0227688937508074,0.0207300574825852,0.0223323248485594,0.0244982788386451,0.026704440916935,0.0312610319787269,0.00436553778686078
2019-04-12,0.0226479726593098,0.0198480303880726,0.0211434576619426,0.0241883330466591,0.0286754832854443,0.0339709657877032,0.00422260643894888
2019-04-15,0.0219308715762005,0.020167791377315,0.0217248820211193,0.0241141321011888,0.026655536191474,0.0317525283811886,0.00450787120080676
2019-04-16,0.0226993881032608,0.0198500110055669,0.021780533308723,0.025285567363266,0.0285899935807757,0.0333007354826842,0.00468821368490341
2019-04-17,0.0206729888813247,0.019856860309366,0.0206555027372312,0.0220513161156838,0.0236978493064745,0.027219527394765,0.00295847987818215
2019-04-18,0.0209374538793206,0.0194479099230577,0.020958688498912,0.0222029750367734,0.0234952027883742,0.0292616100091221,0.00311537124912077
2019-04-19,0.0213892062003904,0.0204498697624259,0.0209133116812652,0.0229291144447248,0.0242609784186712,0.0296537909773189,0.00330279073547625
2019-04-22,0.0214818664888284,0.0193276049997784,0.0216616489339721,0.0227750867249907,0.0260578318585269,0.0295838752861687,0.00413885056427635
2019-04-23,0.0227722257289884,0.020546650035739,0.0226184634338453,0.0249341359341915,0.0277173680111092,0.0341338696705114,0.00469212166969565
2019-04-24,0.02293479229621,0.0211365720564713,0.0229679139468533,0.0245009303272922,0.0274980013063916,0.0351475175164061,0.00449070753441807
2019-04-25,0.0228695077359525,0.0216101614303855,0.0225398495232396,0.0241802256757554,0.0284665076659982,0.0328172908887473,0.00402564883907734
2019-04-26,0.0229238491305065,0.0209579286446173,0.0229551094891543,0.0247022847184046,0.0273841645548229,0.0338000413314062,0.00367417455454226
2019-04-29,0.0216195724486083,0.0198633186740486,0.0211655915371239,0.0234789654556165,0.0264236037799869,0.0310030094393751,0.00375680815332375
2019-04-30,0.0211635876895279,0.0197227087539454,0.0212111787014592,0.0233786487621348,0.0262413325768905,0.0284442203053795,0.00368863258076503
2019-05-01,0.0203807166567468,0.0197561413653546,0.0210086310427446,0.0220200213065365,0.0248948416624624,0.0278720651668568,0.00351259362120381
2019-05-02,0.0227946403100776,0.0205275110318195,0.0223849297451535,0.0256319512923311,0.0291588363224033,0.0328286159007427,0.00516540677930543
2019-05-03,0.0209987854126745,0.0188072647770025,0.0204576528201343,0.023240329178987,0.0260814884834803,0.0291953098363703,0.00435181180247877
2019-05-06,0.0209136008744347,0.0188453747811261,0.0213713864565127,0.0232261109782169,0.0253411251556324,0.0282720400455001,0.0039282948645103
2019-05-07,0.0218278919363244,0.0201844138844582,0.0220798027786798,0.0239967102357254,0.026989703970122,0.029769477969739,0.00476182841980518
2019-05-08,0.0224943911166365,0.0203906393268363,0.0225067057329641,0.0261595750073852,0.0278003919850213,0.0311767498866963,0.00541994255930128
2019-05-09,0.0215865155660254,0.0204441671807832,0.0215882674524784,0.023348810776814,0.0261303972344811,0.0300949843391983,0.00436438101024597
2019-05-10,0.0212548373443877,0.0200596889739705,0.0215584769960568,0.0239629969095855,0.0274141317476183,0.0298781590530206,0.00473734587309609
2019-05-13,0.0216873528078792,0.0218008932245764,0.0229199617945024,0.0244215016728528,0.0263317425192561,0.02976060789406,0.00423735840964543
2019-05-14,0.023812923258479,0.0219764148238323,0.0232998335920326,0.0255201559544824,0.0282875077730213,0.032242580225622,0.00463196637289561
2019-05-15,0.0216211869464777,0.0207897900167995,0.0229646682948835,0.0241325950789742,0.0273443253153273,0.0301628237649154,0.00521071391997151
2019-05-16,0.0224654303137758,0.0213090389419692,0.0236209911998948,0.0248807533452906,0.0274554132412818,0.0317022737057081,0.004857426973397
2019-05-17,0.0221700442897616,0.0211479577271978,0.0221436713458967,0.0246601440458196,0.0270659356097955,0.0312424623076973,0.00501921600303874
2019-05-20,0.0223332323785411,0.0209233691179092,0.0226853086063694,0.02425653498791,0.0273303743555925,0.0321176162706911,0.00480100831480396
2019-05-21,0.0229003317681131,0.0219492995852302,0.0236811991908122,0.0249968052516885,0.0269848058325602,0.0313826770078373,0.00398572118744514
2019-05-22,0.0230132228574458,0.0218054889631688,0.0231051965565562,0.025361827947264,0.0278718482585413,0.0338581001033444,0.00462782655733761
2019-05-23,0.0233925170782546,0.0207246708973185,0.0230083996706137,0.026659420459991,0.0295087027823065,0.0363477529508856,0.00571809644153213
2019-05-24,0.0230129935879937,0.0195643718200625,0.0228952817833883,0.0266024258559843,0.0304033811987973,0.033511985439802,0.00575452939517823
2019-05-27,0.022878929400819,0.0215806898361265,0.0226656431797434,0.0262451617716375,0.0285611424103558,0.0344717397172052,0.00549850882500825
2019-05-28,0.0234597536077355,0.0211654991398373,0.0225227083316398,0.0263391733194816,0.0302550254483869,0.0351479919632551,0.00581523935051626
2019-05-29,0.0224706268858065,0.0217449560830007,0.0231191785962655,0.0251190423766924,0.0289479957634076,0.0335101507717158,0.00497031151323374
2019-05-30,0.0228466462877205,0.0210026192397481,0.0226843359379555,0.0257245120164417,0.0296241943944723,0.0323712050943057,0.00528105495107543
2019-05-31,0.0234002227527081,0.0212471264646707,0.023460072734279,0.025762741447843,0.0278127951578733,0.0343635960586399,0.00431063461971038
2019-06-03,0.0223811607468706,0.0199709575078903,0.022801889470516,0.0244645964294332,0.0270508516280324,0.0330750507838298,0.00425410764931436
2019-06-04,0.0233196558625768,0.0213242236629693,0.0226088034878678,0.0262289061065639,0.0294506097993242,0.0373042154461345,0.00547841999236122
2019-06-05,0.0244320859522264,0.0206525237896813,0.0233572835488398,0.0268270778592459,0.0311899698504929,0.0394923306313476,0.00536611119122839
2019-06-06,0.0245291900766196,0.0228571149373702,0.0239227931781417,0.0265039239682322,0.0299015055452559,0.0396739045665074,0.00452596684287969
2019-06-07,0.0238066367510688,0.022087203749853,0.0234147525992949,0.0257094841123176,0.0301331229974952,0.0369740783443198,0.00447121039314123
2019-06-10,0.0244198021183913,0.0231339028026317,0.0259644821713235,0.0272293159530488,0.0306851647573203,0.0364230750457279,0.00542693022800111
2019-06-11,0.0241740495216071,0.0215348840664307,0.0238203490938274,0.0272134078751326,0.0313139378316747,0.0368960398782498,0.00590053238885208
2019-06-12,0.0246865261183215,0.0226357087492812,0.0237120910535008,0.0268096958600973,0.0305649228632823,0.0391612132273588,0.0050459616384953
2019-06-13,0.0242937502764706,0.0223316107106805,0.0234770256544756,0.0254301969373599,0.029113030723622,0.0380933956364528,0.00487506227568642
2019-06-14,0.0236565258993121,0.0211379437324906,0.0230474516877415,0.0250611715947991,0.0281010735423847,0.0368288595290788,0.00485882998362089
2019-06-17,0.0230066558711991,0.021098724696311,0.0224413140422366,0.024955242512544,0.0281658362967622,0.0363458941453588,0.00534824882993054
2019-06-18,0.0236398226766492,0.0214893312935594,0.0231364944519848,0.0256144368575339,0.0295102106857518,0.0353539145015441,0.00479174135583894
2019-06-19,0.0226900371608084,0.0211271776928858,0.0222209045316061,0.0240201535378042,0.0266254761067197,0.0332080813349828,0.00406771639443179
2019-06-20,0.0225919032643875,0.0205052521774898,0.021756147525995,0.0259610385052293,0.0290078432172816,0.0340287681659218,0.00546285402126205
2019-06-21,0.0224627879844762,0.0203544572870933,0.021760536405664,0.024130904060206,0.0277388098108845,0.031958835232572,0.0046883528558684
2019-06-24,0.022123903107245,0.0206014585365063,0.0219503367463239,0.0235444603067121,0.0264798689976624,0.031769354758019,0.00374280962229881
2019-06-25,0.0214692700397763,0.0201370663126164,0.0230913294030231,0.0243336729474979,0.0263918306866733,0.0307849053599453,0.00442567862065413
2019-06-26,0.0232740360778989,0.0212304553762284,0.0235484518954134,0.0258868081556662,0.0296057784120983,0.0339895391884521,0.00584946582905775
2019-06-27,0.0233990845258462,0.022357423618719,0.0240223307557571,0.0263517263227706,0.029941773642944,0.0347248414354432,0.00589111312659026
2019-06-28,0.0239920480520032,0.0216794762333391,0.0249180771659315,0.0273236864110961,0.029295443024011,0.0371586747461553,0.0053971133901706
2019-07-01,0.0242847024928233,0.0225707229562335,0.0248190176412566,0.0276630407783834,0.0311713673934107,0.0361626164814925,0.00545541514229825
2019-07-02,0.0233712540631444,0.022295515966406,0.0242343021414656,0.0256365107601407,0.0288134393282341,0.032998632442516,0.00461626316949089
2019-07-03,0.0234743804050474,0.0222375112344964,0.0239485921535595,0.0255756546227697,0.0291099437118869,0.0325940799157854,0.0045670842169525
2019-07-04,0.0237361020823608,0.0228121592069673,0.0246274296795339,0.0266202847705885,0.0291522734890818,0.0332372774968708,0.00467282178761533
2019-07-05,0.0250722429133678,0.0233175118531291,0.0256081316762343,0.0274317617929295,0.0324981615960922,0.0379191959689602,0.00491161535591754
2019-07-08,0.0248324243545752,0.0243305908031136,0.0265093081214385,0.0279420520912644,0.0300581012368454,0.0334768728071145,0.0046337094588287
2019-07-09,0.0238905924365665,0.0233825915461832,0.0247905298484284,0.0271087296602258,0.030094310042875,0.0334783211971166,0.005294375665466
2019-07-10,0.0240497944191397,0.0228449608925146,0.0243844505434489,0.0265293219166778,0.0294742528509839,0.0344770343393201,0.00437438141681997
2019-07-11,0.0241433838979868,0.0236671561645393,0.0252047080235079,0.0265479006918963,0.0294812005417803,0.0334860396229543,0.00441711462174836
2019-07-12,0.0238469155165493,0.0229360551156334,0.0243288170310152,0.027088778100784,0.0298767104678497,0.0346529638639677,0.00491180633444699
2019-07-15,0.0235644809022749,0.0222673421334916,0.0231382160951617,0.0257245379714931,0.0289591217581374,0.0343147325253924,0.00459747216958929
2019-07-16,0.0234370823229484,0.0224131890741473,0.0241515387302561,0.0251456784731318,0.027668814087075,0.0336245788236721,0.00403875967674107
2019-07-17,0.0234759312457586,0.0216683112510884,0.0238590718059564,0.0264945860547863,0.0280920624919783,0.0341451106686668,0.00446212200025194
2019-07-18,0.0230989398319176,0.0211034416255059,0.0226029485088157,0.0245198300841044,0.0289905110561799,0.0349879963306014,0.00448750125176405
2019-07-19,0.0231647514535855,0.0221912511300625,0.0238257912025667,0.0254264317896643,0.0286392201463403,0.0312715272897923,0.00453165466927022
2019-07-22,0.0230835243284889,0.0224333357841873,0.0242212707119135,0.0253834333962898,0.0282421975563021,0.0322735731792978,0.00367303738068137
2019-07-23,0.0233198695247726,0.0225552683991586,0.0239579798171939,0.0255477926932237,0.0272424475711047,0.0313772463906149,0.00395713552261803
2019-07-24,0.0236581201380833,0.0231746209971905,0.0245621948065426,0.0266045961333239,0.0296050082683952,0.0328035617100639,0.00488445424146482
2019-07-25,0.023247533064449,0.0218979191673254,0.0231384677966316,0.0251264522605026,0.0290072903147174,0.0339154522026428,0.00429251423936448
2019-07-26,0.0239194692366346,0.0229275590312058,0.0242628542358083,0.0267852490358074,0.0288247531301975,0.0365641972103784,0.00485276797303922
2019-07-29,0.0237407175058597,0.0233342024223347,0.0248619613242753,0.0268045960566917,0.0283907710188443,0.034538433895715,0.00487966725850434
2019-07-30,0.0231252086330729,0.0227802769248344,0.0243389747954608,0.0265161716302845,0.0285427090866728,0.0317708567539734,0.00485601739035787
2019-07-31,0.0233898030637308,0.0229079485655429,0.0240682009660791,0.0257229042971075,0.0279529000685147,0.0318138765416117,0.00438910099610535
2019-08-01,0.0245142273310962,0.0228303569154806,0.0244770732251642,0.0279978530273188,0.0310048926984454,0.034493139469481,0.00531069175446738
2019-08-02,0.0229771515988033,0.0225481662528839,0.0239075991318765,0.0252989104641187,0.0277212413054284,0.0307165176246945,0.00365548469432109
2019-08-05,0.0241922381501805,0.0233383032405196,0.0253775630576065,0.0272441721507778,0.0299269710901925,0.0322954204466523,0.00472773856902061
2019-08-06,0.0245969753317159,0.0225274340770516,0.0255828443691038,0.0276430976248705,0.0314956349873536,0.0344503774161516,0.00523519561437129
2019-08-07,0.0245553703920025,0.0232094787705034,0.0243262397554893,0.0268353778898165,0.0299747061447961,0.0352985335466614,0.00446803250534011
2019-08-08,0.0243606022227726,0.023993260504842,0.025862594471932,0.0271875952143551,0.0291965895928608,0.0349772199204258,0.00423983150349746
2019-08-09,0.0249585018536011,0.0246770293333688,0.0261235014305314,0.0279160509754003,0.0301756585300841,0.033495648017261,0.00509594451839322
2019-08-12,0.0249457710191189,0.0242737466065009,0.0261253326602665,0.0281195200931614,0.0309615129846463,0.0342325713348764,0.00556045361295503
2019-08-13,0.0246560585592649,0.0235251706630522,0.0259041674861627,0.0276706323020528,0.029646130905077,0.0341250232125865,0.00466913131735555
2019-08-14,0.026597049047536,0.0250875662645254,0.0267587182526226,0.0277648303897422,0.032488610831807,0.0380886101354916,0.00512860524640954
2019-08-15,0.0276013242759133,0.0249667399350501,0.0265959318869775,0.0291507868854609,0.0334905443723668,0.0396059025946246,0.00500293771988945
2019-08-16,0.0280632172858543,0.0261995506179476,0.0276054337768262,0.0303100519941221,0.0330622656415667,0.0402379572029686,0.00533475261906643
2019-08-19,0.0280420604020879,0.0252695485092556,0.0267790132259463,0.0281640697828066,0.0348433622812375,0.0377083142686688,0.00541131950087914
2019-08-20,0.0273027407010263,0.0247254564893868,0.0268239262142815,0.0302703151115203,0.0343887756943991,0.0404049558097029,0.00609468904181929
2019-08-21,0.0276831558743965,0.0255569580583824,0.0271052849926091,0.0293781096360464,0.0334173276213223,0.0406802020461268,0.00575429955062332
2019-08-22,0.0284624511279762,0.0251908648832167,0.0271146841315169,0.0319078241582604,0.0344775735276739,0.041946617794058,0.00634532731503108
2019-08-23,0.028365816954788,0.0252530293001187,0.028614174204466,0.0315765250078982,0.0354236879397678,0.0450588999377675,0.00576818858678727
2019-08-26,0.028349585364728,0.0247474585744417,0.0279455659961372,0.0308766664138113,0.0366712623600662,0.0418008752044346,0.00549975801441121
2019-08-27,0.0287997872818224,0.0253808828093139,0.0279612078021951,0.0319871083624638,0.0356946325462917,0.043430685752818,0.0057235874283294
2019-08-28,0.0279885991828183,0.0249356213547904,0.0276154876225297,0.0303033997247137,0.0337179304927243,0.0415724216105023,0.00540992935159593
2019-08-29,0.0285608691455245,0.026038204345389,0.0288143120483193,0.0315454487243693,0.0347433060327198,0.0412247640372279,0.00624658183014342
2019-08-30,0.0278979052163358,0.026179185182162,0.0280013674682424,0.0305372423697591,0.0346795653761792,0.0382292764367007,0.00508076683007963
2019-09-02,0.0287228070712944,0.0269330372503892,0.0293207845900436,0.0328078016982712,0.037010560853084,0.0437691097039347,0.00662186350354737
2019-09-03,0.0291592650965092,0.0265094360812186,0.0299458339852027,0.0325521229824748,0.0364642866109037,0.0424208959508133,0.00623400468997474
2019-09-04,0.0288213565674971,0.0265916445437748,0.0291425396946242,0.0323303167850129,0.0361856317823956,0.040822094180296,0.00625329011095066
2019-09-05,0.0284544098466751,0.0257228322480615,0.0283457386079338,0.0322596816267252,0.0370253394685444,0.0402991146774634,0.00606725221208664
2019-09-06,0.0285634836459939,0.0259828973884064,0.0295074734677808,0.033122016345112,0.0363498546948244,0.0397414404173308,0.00647500471037799
2019-09-09,0.0293482018111165,0.028726546326527,0.0304235150124774,0.0327692143205462,0.0363196508518331,0.046197444636111,0.00692767431887925
2019-09-10,0.0294466392228773,0.0276659726716102,0.0298001697327907,0.0317715901840032,0.0365371741735471,0.0445748823927277,0.00606664782939792
2019-09-11,0.029348384927734,0.0281610110702997,0.0300413195694109,0.0343593901428359,0.036935210116512,0.0439016641425024,0.00701563519835397
2019-09-12,0.0296815927509016,0.0275916735765471,0.0303849753857698,0.0331956632198299,0.0376502665268329,0.0461547868536637,0.00647998036721053
2019-09-13,0.03026082734027,0.0279576323090392,0.0297515357369764,0.0350426322279417,0.0398090850006557,0.0477605920839683,0.00816882305459767
2019-09-16,0.0286364816440354,0.0272617192987804,0.0290974668589635,0.0321546303614421,0.0361095422765761,0.0444115948984647,0.00595177109542709
2019-09-17,0.0294990461953182,0.0272859156123049,0.0307775561974513,0.0330907925839714,0.0363856711279358,0.0467539676305339,0.00621694678916029
2019-09-18,0.0284941712332828,0.0262578638943292,0.0284221586831651,0.0313803004278447,0.0361344663093975,0.0442659208707699,0.00526908666437903
2019-09-19,0.0279675704316017,0.0270818294452522,0.0284628841039633,0.0317696842377739,0.0366551300613232,0.0422679024311474,0.00668373091488171
2019-09-20,0.028313285314471,0.0269781066032468,0.0283784729946906,0.0315803726083388,0.0351929432115559,0.0420569580147957,0.00646083708862547
2019-09-23,0.028348047447997,0.0267869300324438,0.029270790799797,0.0319040139704332,0.0362411891941815,0.0409961005642106,0.0065894913474217
2019-09-24,0.0286297951343363,0.0270658812899078,0.02961154027655,0.0328303702954758,0.0366429165012145,0.0416493689472201,0.00651791680718513
2019-09-25,0.0281442680078577,0.0280511635107503,0.0302952729239418,0.0315630229658316,0.0356278364433732,0.0390252108011683,0.00616548201193188
2019-09-26,0.0283243045893071,0.0267424058428419,0.0298762275229011,0.0330010961693683,0.0357324358656333,0.0408829896891535,0.0057861485108353
2019-09-27,0.0285496846504235,0.0265056933221459,0.0295278428082884,0.0318320317063762,0.0344978769189168,0.0436768895970014,0.00569801098486227
2019-09-30,0.0280899920404737,0.0275878667385967,0.0298725497228009,0.0326340599523854,0.0349397984197757,0.0405751659542596,0.00671079463071093
2019-10-01,0.0283504206206798,0.0267478981589247,0.0295259156282971,0.0320314743088188,0.0351637874374309,0.0394446711787453,0.00541614211364109
2019-10-02,0.0291175424860779,0.0278364356595282,0.0305155901674069,0.0331695110675423,0.0353942897208715,0.0405125798877801,0.00634775035992438
2019-10-03,0.029180983207316,0.0273313162419641,0.0296357359564812,0.0340155484560212,0.0373577231686927,0.0432583003279331,0.00732565341252403
2019-10-04,0.02910540981036,0.0279856570651117,0.0306893516623956,0.0345459871483263,0.0369226901238561,0.0406325418428802,0.00746706332346456
2019-10-07,0.0303538684419841,0.0287273237088311,0.0305745548251027,0.0341243572000584,0.0380465857655444,0.0436238216290978,0.00716895852958078
2019-10-08,0.0293451123952156,0.0277108538253656,0.0304516982859333,0.0323145518473198,0.035482126110144,0.0409041281863711,0.00543691002215115
2019-10-09,0.0305573412418535,0.0280010120123499,0.0300300637325856,0.0337520889700772,0.0366218455072128,0.0430237115223093,0.00691507245154394
2019-10-10,0.0319441445692873,0.02985100495824,0.0319901441295229,0.0360647486172791,0.0407958859357594,0.0463792831890412,0.00825681079818512
2019-10-11,0.0307347210468989,0.028611626667956,0.0325308843170914,0.0359309696667962,0.0406700255752713,0.0448502936614059,0.00695448021463504
2019-10-14,0.0312252288271442,0.0307139430976846,0.0338213916998218,0.0369097020745738,0.0400823321573713,0.0463822678474715,0.00818326621558858
2019-10-15,0.0310298495517047,0.0291023820014554,0.0330668108174873,0.0362193982522937,0.040350411197236,0.0444602891900038,0.00686830131795223
2019-10-16,0.0312545730307472,0.0298964041347148,0.0343386816957503,0.0381265207552976,0.0395885383892663,0.0440264145304867,0.00803370088977123
2019-10-17,0.0312460761819075,0.0304402337321236,0.0342701400733123,0.0366759596165492,0.0385727753771649,0.0461574724546886,0.007446583732076
2019-10-18,0.0304599514213539,0.029856464163676,0.0323672393478293,0.0373247452247516,0.0387857523974616,0.0454043240290323,0.00833314857939764
2019-10-21,0.0305089756948919,0.0290498984910773,0.0329771182248478,0.0363130694719059,0.0405645636166246,0.0444051994673523,0.00813699241992013
2019-10-22,0.0304486839047545,0.0289152546311213,0.0321499590273018,0.035535406922179,0.0381297699757712,0.0446124969650316,0.00801709689431647
2019-10-23,0.0302664174939109,0.030159530895294,0.032790451091456,0.0359748499593493,0.0382321286121296,0.0451222191870898,0.00774764063439935
2019-10-24,0.0301588110352021,0.0272787265465445,0.0323573871527541,0.0357807780611598,0.0391469712464343,0.0459178528777085,0.00750190598595335
2019-10-25,0.0304275854641161,0.0277333099304661,0.0315955605277713,0.0355850973597859,0.040584440256629,0.0466823747776363,0.00815983017066571
2019-10-28,0.0301196410728298,0.0266127835148005,0.0317420309633491,0.0364226211365582,0.041973134931646,0.0458498907184597,0.0100333732908
2019-10-29,0.030693228558635,0.0300330626965176,0.0329237499139545,0.0370669223543159,0.0396082283626311,0.0451281638576827,0.00818425489694381
2019-10-30,0.0305479933274488,0.0270866383456883,0.0300180524937671,0.0343589048622683,0.0412616444704266,0.0502560217896922,0.00794433404079551
2019-10-31,0.0295816073476471,0.0280919506407478,0.0308928355683844,0.0340168012150387,0.0377774751107825,0.0417253901919279,0.00824713722502163
2019-11-01,0.0296989199479795,0.0276513013535877,0.031272488326893,0.0335038392620159,0.0416162856296974,0.0471909584070643,0.00788089184589452
2019-11-04,0.0300557646152809,0.028263217792815,0.0303721639353181,0.033291961855483,0.0383583693579511,0.0473748621486312,0.0076772483807596
2019-11-05,0.0300667799955827,0.0280679437189862,0.0306731623067808,0.0334593076732958,0.0390795024042857,0.0465446420371033,0.00722787851781242
2019-11-06,0.0299006639414541,0.0274003576060896,0.0300108655587638,0.0329261991890113,0.037667334775207,0.0451057886369995,0.0065470381015542
2019-11-07,0.0289478991018811,0.0268938470564798,0.030120990509502,0.0324820945513036,0.0395793560561689,0.0448208632200024,0.00737388001414174
2019-11-08,0.0291254001581593,0.0271140579573707,0.0291139451718539,0.0309754029869497,0.0384659422591344,0.0473119179865801,0.00663394923677644
2019-11-11,0.0272866365630054,0.025378712411865,0.0290879537773178,0.0319653654711986,0.0352983837053926,0.0411835271293139,0.00702078015438962
2019-11-12,0.0270796295635433,0.0261864189816542,0.0279599541009562,0.029792926034646,0.0340832945551,0.04044371598064,0.00635353651052777
2019-11-13,0.0277719203158713,0.0247946198891,0.0267553658771898,0.0317816191286059,0.0353354347324355,0.0439373230452583,0.00658335709299217
2019-11-14,0.0267917590490605,0.0239324342180366,0.0262075249357518,0.0303289496972071,0.0356639967792726,0.0391749628891255,0.0067004342333762
2019-11-15,0.026707920537673,0.0250252340994314,0.0276764289607583,0.0307491540407277,0.0346792968362929,0.0383593666315711,0.00641758029773762
2019-11-18,0.0259212632432065,0.0243487742547554,0.026580264496073,0.0301309062476129,0.0340025812260679,0.037293679968958,0.00583933504346077
2019-11-19,0.026101441096924,0.0246751898800777,0.0262500920551289,0.0302978877898443,0.0339304117951074,0.037796052587925,0.00595199774783481
2019-11-20,0.0252082730810829,0.0238661056151014,0.0260364691715068,0.0285627047939966,0.0307714775372077,0.0362858751401085,0.00516276655530416
2019-11-21,0.0254690774066121,0.0245648478708906,0.0257933461777142,0.0286911032435666,0.0322821569468554,0.0365417173526346,0.00461009583376139
2019-11-22,0.0250913023049566,0.0247498970584522,0.0258965518774346,0.0278716847063602,0.0321748329365391,0.0355409541709453,0.00450267025219638
2019-11-25,0.0242391177075808,0.0227913306079368,0.0252174655163544,0.0271217350000344,0.0306736632152499,0.0361887227591374,0.00559986211416656
2019-11-26,0.0241435591532632,0.0226443338755572,0.0249339300141145,0.0276561964339027,0.0313830477533747,0.0361451371869132,0.00550005069196544
2019-11-27,0.0242732510388892,0.0237489300188222,0.0250962178722624,0.0277607358184154,0.0302162270217246,0.0355776226016018,0.00541757291136497
2019-11-28,0.0245267916916046,0.0243079423242434,0.0257165151411888,0.0280139000929109,0.0313310148850443,0.0354569519661078,0.00574710608303172
2019-11-29,0.0247370307936157,0.0241324239659716,0.0260607043355461,0.0281769892052177,0.0306749663998026,0.0364260790368934,0.00520523003619668
2019-12-02,0.0246692692888437,0.0239448846950016,0.0262070454809925,0.0294365666556039,0.0308945085610924,0.0349232884995265,0.00568229244192021
2019-12-03,0.0245770738816135,0.0230777546678809,0.0249872326489063,0.0276248981590254,0.0318243504498046,0.0354446290020587,0.00537042504749068
2019-12-04,0.0245445070914381,0.0231870609232968,0.0261512453264739,0.0281121125297947,0.0312344214933615,0.0355311690560416,0.00569350392242095
2019-12-05,0.023903837533571,0.0233486807540597,0.0250130236072155,0.0271076141342473,0.0294107904547699,0.0333163711136396,0.00449063378693694
2019-12-06,0.0239848312518491,0.0234400563653965,0.0259546220055717,0.028679011383261,0.0307661879286172,0.0339222582107571,0.00592153602654145
2019-12-09,0.0237102024752485,0.0237121260982217,0.0247572960292888,0.0273732051161665,0.0294943630510331,0.0321155190172309,0.00543671860431992
2019-12-10,0.0232233990961413,0.0227521445925166,0.0250245913712606,0.0271530696760086,0.0298453721433129,0.0325641294916681,0.00512049103110567
2019-12-11,0.0235222832407425,0.0233336847494417,0.0252738827058131,0.0272967961366489,0.0294537506203294,0.0334574214843165,0.00569072216129054
2019-12-12,0.0241266336521513,0.0223055500003185,0.024827857821679,0.0280928658849213,0.0305886229514595,0.0345034822854599,0.00580954439735059
2019-12-13,0.0237337347485656,0.023081467120829,0.0251999591373258,0.0265419754644835,0.0290168247003526,0.03333426805163,0.00471170159163948
2019-12-16,0.0235554565419136,0.0230722993737237,0.0243776377174962,0.0261766974008054,0.0287824994141032,0.0339511591081792,0.00459149821668098
2019-12-17,0.0239502859683831,0.0228917074840383,0.0252159138585148,0.0270063243904587,0.0288421135301438,0.0339666767681713,0.0050770148429729
2019-12-18,0.0238411178252258,0.023566088894718,0.0249013688663359,0.0269584863058714,0.0303561387173056,0.0333830093707848,0.00526465028055145
2019-12-19,0.0233290220991799,0.0231860343493405,0.0240496067219129,0.0257928150264545,0.0285162165459635,0.0318844930724366,0.00458382459843786
2019-12-20,0.023943278761925,0.0238519701004093,0.0247545524473704,0.0261839872537516,0.0291634587437639,0.0343004665979599,0.00478367092983366
2019-12-23,0.0241632851367596,0.0224280212127312,0.0243805723839925,0.0267668324498294,0.0300676669603187,0.0353180656029674,0.00477479927768796
2019-12-24,0.0239353400109571,0.0224077137146648,0.0236559260360444,0.0275838696072747,0.0303534439805482,0.0346427401394421,0.00522980286077483
2019-12-25,0.0233277863998875,0.0223474413448745,0.0240214064941092,0.0265133648016372,0.0292648838563997,0.0344604876924488,0.00501057942089875
2019-12-26,0.023227007028299,0.0223220058462811,0.0229753869549702,0.0255548358687176,0.0290670717118096,0.0325728817076382,0.00459498307386109
2019-12-27,0.0232182339478582,0.0224737934419376,0.02333727807094,0.0253268246942553,0.0274244406377173,0.0356445538474051,0.00463902110353822
2019-12-30,0.0211553848967671,0.0210691875638873,0.0220968137065251,0.0232278495076928,0.0252507137767583,0.0291523909275359,0.00361452858837752
2019-12-31,0.0209891964308084,0.0206747158169413,0.0218973901769581,0.0231920437230273,0.026065433640062,0.0282278378073919,0.00402966865562749
2020-01-01,0.0206688479355864,0.0201784312132099,0.0213317211759927,0.0225635371755727,0.0245316122767966,0.0281996556170738,0.00332044188302579
2020-01-02,0.0207825148717123,0.0196748463974828,0.0214608795792411,0.0229873062714062,0.0248370164518649,0.0278746067578972,0.00374290523591752
2020-01-03,0.0201569932120621,0.0198275689279496,0.0208719688218003,0.0225099111331213,0.0250053659923805,0.027524075500283,0.00355826038405633
2020-01-06,0.0202005471842293,0.0194743985151963,0.0204408991799024,0.0222152550933706,0.0256784376774427,0.0286914299889305,0.00389616607726748
2020-01-07,0.019642992886591,0.018851774473749,0.0207569271179404,0.0222788956400659,0.0247367961842563,0.0266594195731848,0.00351907328691797
2020-01-08,0.0197707323532173,0.0192886518340795,0.0207730373687694,0.0221152477040206,0.0239786414548817,0.0273115920220053,0.00327525960405425
2020-01-09,0.0196965748302864,0.018716500500539,0.0206834022803318,0.0218513033930838,0.0234528353020594,0.0261521649282357,0.00375056448553402
2020-01-10,0.0195478651508602,0.0186324688447521,0.0201926517405233,0.0210912476137614,0.0232177910606536,0.0267646060519769,0.00346524406201041
2020-01-13,0.0193198467511435,0.017452276029926,0.0192191135007283,0.0207104286176206,0.023260372151471,0.028087682238749,0.0031509089642061
2020-01-14,0.0191083230774757,0.0182268574832483,0.019907043935606,0.0216054917474071,0.0231555276328247,0.0260133122203036,0.00360960295169711
2020-01-15,0.0196349419683151,0.0183970499877735,0.0204882401078476,0.0220889606758047,0.0229286541518097,0.0268272819236794,0.00334107192653284
2020-01-16,0.0195437515964517,0.0182379756383423,0.0199685275455938,0.021054471303858,0.0237909598455563,0.0271880817288051,0.00311777017846613
2020-01-17,0.0194029515063107,0.0184859218410645,0.01993002146486,0.0218075606813112,0.0231703835452654,0.0269352804859371,0.00361092997397852
2020-01-20,0.0197593464528737,0.0181722602379944,0.0203259172568085,0.0223039866903171,0.0248816485908314,0.029137039498172,0.00409926474841792
2020-01-21,0.0200966796452935,0.0201776951842174,0.0216250703594282,0.0232960257253816,0.0248837207127464,0.0263149100814771,0.00436812717962476
2020-01-22,0.019232942510426,0.018190685442773,0.0196138506157632,0.0207180630602994,0.0235296096188834,0.026044169951453,0.0030994285395756
2020-01-23,0.0195140781088592,0.0185711049193633,0.0201019804409918,0.0213561526814871,0.0235980387726355,0.0263989891343034,0.00307046649849049
2020-01-24,0.0203757556646487,0.0192417450215393,0.0208687707159772,0.0226799395291858,0.0241536635259079,0.0306308378383268,0.00401500579149979
2020-01-27,0.0203175073730245,0.0195974408157775,0.0213627147492205,0.0231199937082565,0.0250216678094205,0.0273335971961892,0.00421939594325989
2020-01-28,0.020522927459708,0.019115845739696,0.0206663042138555,0.0232148796239182,0.0257966223960366,0.0306180873219245,0.00431871655280919
2020-01-29,0.0202414773690737,0.0195966550742094,0.0216855715677922,0.0225598662852854,0.0243519915326837,0.028548684152202,0.00405705202774643
2020-01-30,0.0197573374809642,0.0183116963322229,0.0200722989183244,0.0218461942242417,0.023832243358588,0.0295702682590543,0.00387059785197395
2020-01-31,0.0204280775312314,0.0190296652198206,0.0214091344086466,0.0228996922885472,0.0256587466031817,0.0300039307675164,0.00481221550378789
2020-02-03,0.0201239036248024,0.0187849221055216,0.0205661543861524,0.0223092394217623,0.0250827425010702,0.0296976133165801,0.004041565820455
2020-02-04,0.0204242505285006,0.0194339860278722,0.0208624472806051,0.0224846255070342,0.0257314809488124,0.0298688247374762,0.00415865586269786
2020-02-05,0.020459740176228,0.0193571569229187,0.0203098912259849,0.0225178500006694,0.0259572043350974,0.0298526117739639,0.00373366162412125
2020-02-06,0.0211011471403299,0.0198133235336227,0.0203709475181696,0.0219907628040522,0.0257957699186068,0.0313553977864354,0.00354309277426442
2020-02-07,0.0215030939680155,0.0202658798934054,0.0215391206393907,0.0240403014742477,0.0271239410919585,0.0325904135812969,0.00513678164825752
2020-02-10,0.0217567861566501,0.0195404039099553,0.0210886223451991,0.0235255867383654,0.0264839156356066,0.0329714387096899,0.0041418227282109
2020-02-11,0.0211299370946027,0.0192523037509999,0.0210050819494347,0.0234519185519855,0.0268089157354222,0.0328639536555983,0.00410358270316192
2020-02-12,0.0208245881854486,0.0193918908118648,0.0212542918255611,0.0225333569794598,0.0260390034843673,0.030272504977948,0.00359592177590028
2020-02-13,0.0212386152117534,0.0194829301496472,0.0203100671887544,0.0243221920024294,0.0263397038769562,0.0323991944257388,0.00426919018221054
2020-02-14,0.0208623508196582,0.0191533180499623,0.0206663233336338,0.0220159143347212,0.0249911949375622,0.0301977863334945,0.00337714234940695
2020-02-17,0.0212240337319108,0.0201473268480238,0.0214540367760005,0.0234646208284051,0.0254042148766978,0.0296991736057381,0.00380998904267536
2020-02-18,0.0210024732629706,0.0196981967179504,0.0205147740273196,0.0213627424106303,0.0257429741863013,0.030634464875212,0.0032396166601288
2020-02-19,0.0206805271973841,0.0196157343991911,0.0206250691958883,0.0225313156250886,0.024889054444481,0.0295134830433997,0.00338142215472961
2020-02-20,0.0213057264319848,0.0199893757293046,0.0216770655793067,0.0229571831303728,0.0252587388767692,0.0293454680646904,0.00388473866775694
2020-02-21,0.0217137368514592,0.0206547623488105,0.0225786736328055,0.0239229931405375,0.026135329514858,0.0299245204276869,0.00385463519491987
2020-02-24,0.0228738856553056,0.0206657116160683,0.023726233516706,0.0248630402040787,0.028498032236171,0.0349978628763803,0.00487028904730049
2020-02-25,0.0238342694347956,0.0232162093075609,0.0245974369891595,0.0260242190810405,0.0289452106141859,0.0334995032780632,0.00428889012444785
2020-02-26,0.0250449494900754,0.0232082419512429,0.0252110768983756,0.0275945201818307,0.0308657759021087,0.035721242828452,0.00503486366406422
2020-02-27,0.0295006179355157,0.0266142979343502,0.0286980423096879,0.0335053881040506,0.0380232612763712,0.0464442851896026,0.00759263608504934
2020-02-28,0.0295696362637842,0.0263795707709302,0.0296181614994838,0.0326494891759178,0.0371971236347375,0.0475576602823387,0.00683887522365413
2020-03-02,0.0298088981999318,0.027049439070549,0.0306354136784428,0.0348317309071472,0.0405235432705801,0.0456931682755228,0.00931073209645908
2020-03-03,0.0302530294044608,0.0269179670249434,0.0287687589523136,0.0341090699499516,0.0391477668763017,0.0452947951779767,0.00730252086391819
2020-03-04,0.0311352201690798,0.0277426907356542,0.0299594340418595,0.0334595448295909,0.0403830133169632,0.0493313224379923,0.00798933756509714
2020-03-05,0.0360194604228202,0.0313469893292991,0.037469530245745,0.0432796899044352,0.0500971238982122,0.056364464891864,0.0113442598216512
2020-03-06,0.0360969531080711,0.0333389563346066,0.0367266623862936,0.0417151818022344,0.0468622763340331,0.0550280775535683,0.00957280187254125
2020-03-09,0.0361252289206363,0.032220706351002,0.0352984374847069,0.0413901925640179,0.047050357177808,0.0582073322282797,0.00915579159565761
2020-03-10,0.039726682569115,0.0380746679565463,0.045337228171673,0.0484236561009376,0.0546263233029162,0.0618933238217936,0.0123302153697655
2020-03-11,0.0433123108195125,0.0404959033318832,0.046264871125407,0.0522805467453483,0.0563527378077622,0.0642905855295419,0.0114299692080574
2020-03-12,0.0509379455975814,0.0498398653791703,0.0532507118466262,0.0600439326265636,0.0656880788990541,0.0862767428140575,0.0144180713654413
2020-03-13,0.0520229938426825,0.0460417932437407,0.0559198366137454,0.0615462862507238,0.068928087264684,0.0850592807848352,0.0135182027257048
2020-03-16,0.0615256969038754,0.0586123895362992,0.0641295231417377,0.0737649182975834,0.0801788943530574,0.100842017303093,0.0187268009704679
2020-03-17,0.064893720538815,0.0579731113046226,0.0650713713365299,0.0743202318995536,0.0899847279203186,0.10784697224387,0.0180591526770962
2020-03-18,0.0729578406883332,0.0672424040775967,0.0754333874221321,0.0818185526520422,0.100128934169265,0.121380602886021,0.0210905709515456
2020-03-19,0.0793968384812507,0.0729986043991125,0.0793566306083654,0.0971679235921756,0.109364759110836,0.135333841175427,0.0266838144932746
2020-03-20,0.0870441357147557,0.0867940509598626,0.0944095867501196,0.104052756021997,0.117922155904201,0.133750364238076,0.0249320271066196
2020-03-23,0.0873709184396498,0.0879587641533473,0.0933083729470263,0.101555032962861,0.115052220245219,0.141007698887426,0.0231752293296405
2020-03-24,0.095072684509013,0.0927494130818786,0.103066876949034,0.109344840071941,0.126380330915703,0.144163050732315,0.0271842904887872
2020-03-25,0.0963981379310846,0.0903068420037449,0.100686176056133,0.121262767232476,0.131690203630122,0.145500854372674,0.0289614885108132
2020-03-26,0.0988211966328911,0.0932402433193401,0.102850381843687,0.11660653004654,0.133274416321155,0.152124949428304,0.0290353979097555
2020-03-27,0.0989856705891929,0.0933105918882618,0.103747657516582,0.119707418621146,0.133534851992368,0.149721669068564,0.0272585236066525
2020-03-30,0.10074322536767,0.094437750387711,0.0988292163351929,0.108759543928878,0.136371188322865,0.153842771027512,0.0245192061572477
2020-03-31,0.100872872692351,0.0959868271128049,0.102584109852004,0.115128364610745,0.131205003502995,0.14608677689518,0.0242680769563687
2020-04-01,0.104135272330862,0.0980711735034742,0.109766634637389,0.118615996464799,0.135867384725412,0.157940667380698,0.0266731683726066
2020-04-02,0.113562125854258,0.10416384935301,0.111716517431651,0.129325843917298,0.148233920099612,0.166595556706036,0.0289352994799657
2020-04-03,0.105811725118467,0.103542512317151,0.110816924821175,0.119804360550099,0.136016448015367,0.159963196253296,0.0283823888014656
2020-04-06,0.108472637203853,0.10342813900951,0.112603928367743,0.123830106137288,0.150501976337492,0.16071809843524,0.030684563079672
2020-04-07,0.107295820485982,0.100740980610489,0.111941365057063,0.122447452874736,0.13437334376337,0.163047880792865,0.0245769311608382
2020-04-08,0.110229327345715,0.105756458343146,0.113615811591243,0.123393063095058,0.148187958187366,0.174460648810729,0.0258203213308042
2020-04-09,0.108055175395369,0.10336450561393,0.113012907150819,0.122895547276186,0.141981219976927,0.173326947157514,0.0268257817683842
2020-04-10,0.110086925257728,0.102733558746567,0.114664205488614,0.126695438406645,0.141197284163886,0.175691823966995,0.027298664817104
2020-04-13,0.110710337429151,0.101749049556766,0.115334239872865,0.130325204763347,0.145190177753934,0.174912003505503,0.0293797420849412
2020-04-14,0.112503040426504,0.104845279270428,0.118999543452954,0.13321439065226,0.150004760058873,0.170497072231561,0.0321033804092934
2020-04-15,0.109722204104982,0.10623213287139,0.119938053431619,0.13207055183397,0.140054986321107,0.164714661726492,0.027544121361735
2020-04-16,0.107833155625334,0.101266473697824,0.120447730213634,0.127960134541298,0.138911231078529,0.158768003729476,0.0295686058459744
2020-04-17,0.107587187300153,0.105261831493833,0.119049946391299,0.128596282411636,0.139665851263251,0.153913465478562,0.0283632092545267
2020-04-20,0.111231033289448,0.109810419162028,0.11678873567471,0.129094385698429,0.141995104050466,0.157394773730452,0.0288041833924853
2020-04-21,0.114583343551507,0.110533870229195,0.118083389623525,0.12667056421308,0.143086540185962,0.163235366041035,0.0213794392223888
2020-04-22,0.116098183308759,0.117892941712879,0.12652152703308,0.137889920291847,0.147376417221919,0.171683834748526,0.0317773111862315
2020-04-23,0.115689420413406,0.10982339598605,0.122656437350103,0.137116989672243,0.148853658946324,0.179534473934746,0.0313883769117031
2020-04-24,0.114389357165993,0.105830705765514,0.122608933013939,0.139552706061244,0.152869598605752,0.178992765515638,0.0356572340774412
2020-04-27,0.112896544793982,0.108270185213853,0.128544440686403,0.136187749319873,0.146130884806589,0.159114976648606,0.0299680691590854
2020-04-28,0.112229806106312,0.101355593034025,0.11244380194264,0.13978704875101,0.149069352533193,0.17554912365758,0.0318011495489772
2020-04-29,0.112894489620008,0.103749334992474,0.112095080210657,0.131311270626939,0.149471596595543,0.16558214880616,0.02704401031076
2020-04-30,0.112460537574351,0.104623267935984,0.111905030957901,0.136909096002343,0.145576338074429,0.161428329604161,0.0285850943717493
2020-05-01,0.115455415454708,0.106168952367675,0.115002123212629,0.135151918127329,0.14917567784669,0.174586047135428,0.031563669192991
2020-05-04,0.116507767812678,0.109548815775088,0.128115602052022,0.139108525299995,0.149361017265071,0.179010630065498,0.0325233318889364
2020-05-05,0.118252096164012,0.111529404709419,0.123585825679072,0.137847204516117,0.15040128368906,0.18105688793234,0.0312788763742368
2020-05-06,0.118157517226127,0.107588144537467,0.125250219823569,0.137120396743235,0.153520908064819,0.187435650142454,0.031595108120775
2020-05-07,0.113398790145914,0.111630113119865,0.123144772062772,0.129961434475544,0.148072154362262,0.176580347028371,0.0325756707919681
2020-05-08,0.114063661911498,0.107847583518933,0.123589901773061,0.133907808813801,0.15316449040435,0.17231687706219,0.0307908897926846
2020-05-11,0.113009822369243,0.103788768387583,0.116385550233929,0.134815326692593,0.148303679095641,0.177033226432689,0.0295649389877846
2020-05-12,0.112253507783777,0.104571149067815,0.117607620565393,0.134862151775514,0.144491377012935,0.177669868863517,0.030345349333291
2020-05-13,0.112431042822863,0.105166700033586,0.11752613519369,0.13380862505504,0.151839829846372,0.170548713919443,0.0325337390986453
2020-05-14,0.112715337007794,0.104683020078735,0.113303885882088,0.134031906179184,0.149548327432712,0.175418398284579,0.0319545515454465
2020-05-15,0.11383010283507,0.106886899392955,0.119717927876248,0.131996536391867,0.149149455670689,0.178844381375963,0.02847290744007
2020-05-18,0.116501952245278,0.108971193253409,0.128545956145115,0.138273191648039,0.150577710285143,0.174186573849516,0.0300477591720858
2020-05-19,0.113496934849981,0.107318971760603,0.123198792345258,0.130993276941644,0.148464147961493,0.173545839206407,0.0293876790634423
2020-05-20,0.115865388638114,0.108564631884817,0.123728617620052,0.138120594630563,0.152165190024717,0.18325693478233,0.0319465745630986
2020-05-21,0.11765511472049,0.110045271863857,0.127167382425878,0.137406841950479,0.155596613307345,0.177465138757608,0.0315559902559025
2020-05-22,0.116012626306504,0.10871406284943,0.12243171861206,0.142006544642949,0.153970355519131,0.180228328123744,0.0318010921096581
2020-05-25,0.116392821625765,0.110548347149642,0.120991293248589,0.138462663330003,0.149298725386329,0.180934639767184,0.0313086453873247
2020-05-26,0.116621211840165,0.108283213139202,0.120033547327763,0.134241970272271,0.151155867686739,0.187283389553643,0.0304265573911983
2020-05-27,0.114746799332129,0.111288626385667,0.118833761930283,0.132371010878798,0.152383698621785,0.177249688531693,0.030924093009614
2020-05-28,0.110178882091178,0.100915860433435,0.110556928468761,0.120667979900756,0.142496479542979,0.166566606101276,0.0236404141971244
2020-05-29,0.116359296305576,0.107204791105646,0.118038958723698,0.130755322495619,0.14869254597877,0.179872476144307,0.027498608488162
2020-06-01,0.114303213227551,0.103190933845905,0.116185037118672,0.125988141854091,0.151326976789519,0.188833759212662,0.0279662839342246
2020-06-02,0.115227610328729,0.112436866341125,0.119816900628781,0.136274793539299,0.150908780971895,0.177640754636327,0.0327206432701699
2020-06-03,0.116898396462114,0.111100397369049,0.120015402681411,0.134048098520823,0.153838099459436,0.181209311073424,0.0303753572025919
2020-06-04,0.110545320340975,0.102207346252365,0.108957234469482,0.128619931515986,0.149751983359657,0.162290280882044,0.0275155973002527
2020-06-05,0.110789924843297,0.104192681885705,0.114060727919592,0.12582786444021,0.139670866586994,0.161315481994757,0.0246180327630729
2020-06-08,0.109943639151948,0.102597894696119,0.112006351110368,0.130775505124782,0.142004279984544,0.167496954621204,0.030821764347344
2020-06-09,0.103335015245175,0.0956525409158152,0.106262986923659,0.12685617242453,0.138073866539025,0.164205126555227,0.0307517593619105
2020-06-10,0.101256349550044,0.0892031209246535,0.100781456470486,0.115066266742091,0.128359214144102,0.173424002673513,0.0279046364323993
2020-06-11,0.0937135088245121,0.0854048661554248,0.0981322175798995,0.108953968349494,0.125691904682776,0.1495483253576,0.0260858284508865
2020-06-12,0.0892950450566746,0.0827096879204476,0.091954479027386,0.0970855748611111,0.110164931987021,0.135569397307878,0.0189209751988409
2020-06-15,0.0861066377824592,0.0817097630496229,0.0884111301584987,0.0979827638297842,0.10720700893036,0.126010452563735,0.0192522864682671
2020-06-16,0.0871630009305263,0.0773815716962507,0.0925737028634548,0.0992601892334292,0.110032561310378,0.126395066614788,0.0204393885727383
2020-06-17,0.0829073705040253,0.0763056228632641,0.0856861695900475,0.0935860810617085,0.106991467247399,0.124279836320995,0.020054306280316
2020-06-18,0.074640393521534,0.0651322058998574,0.0724497926635924,0.0818665816751612,0.0952100919931013,0.110137988523181,0.0170920992222455
2020-06-19,0.0743075591050187,0.0727379928166562,0.075452588642375,0.0826069504864628,0.0910694518662486,0.107073707242269,0.0158450094807366
2020-06-22,0.0707110437004437,0.063052251532728,0.0697949991492831,0.0737778011563557,0.0929329586818001,0.108146613140223,0.017187687663045
2020-06-23,0.072170995832285,0.06507761776854,0.0701478346409323,0.0800149941298743,0.0962493033176327,0.110439268703826,0.0180795460227796
2020-06-24,0.0723814820815511,0.0639006386564833,0.0730799964707526,0.0812478457959112,0.0881540280921907,0.112335476021837,0.0155881319243853
2020-06-25,0.0692615606120265,0.0617167246150698,0.0693508734906414,0.0760988772564731,0.0921918769325781,0.108118171826856,0.0177337790598213
2020-06-26,0.0669332994258618,0.0608026616366467,0.0664524833663262,0.0733377494191678,0.0827561159121245,0.100712050457023,0.0143667750742383
2020-06-29,0.0601922881828661,0.054654492571442,0.0608958168430093,0.0658879717705089,0.0745835845640987,0.0888928590456377,0.0126977954142603
2020-06-30,0.0635893232669477,0.0572614067537549,0.0644180565504723,0.0741801579304799,0.0811139619014049,0.0944464695396042,0.0158598762804215
2020-07-01,0.0611581723361781,0.055570657673221,0.0598153107868487,0.0692407056495188,0.076987557730096,0.0901758166036209,0.0129546902477669
2020-07-02,0.060759350721896,0.0568797208667036,0.0614306462337072,0.0675887692636857,0.0770130848464267,0.0972353835951128,0.013972272484567
2020-07-03,0.0598077320102655,0.0553228372742663,0.0624320297521811,0.0676350158805951,0.074655882062904,0.0926008531877335,0.0145193006687998
2020-07-06,0.0606057403115013,0.0563403299507174,0.0626243379336124,0.0684728808816669,0.0742250496090328,0.0947031412293415,0.0140298425816094
2020-07-07,0.0585952459235396,0.0524065651318219,0.0580818644964477,0.0644936643544044,0.0743025850681201,0.0912265336275768,0.0125969465746025
2020-07-08,0.0576274738212783,0.0511299327982874,0.053685131153635,0.0702248027878476,0.0780894760516869,0.0853694678512978,0.0162347442694586
2020-07-09,0.0585126684342953,0.0525285551997765,0.0576252986347467,0.064799667698706,0.0745177418082985,0.0935604129958774,0.0143732454299813
2020-07-10,0.0599361221289248,0.051715815454599,0.0577896419004177,0.0664590815449549,0.0796402317588499,0.102927448100901,0.0160316254132896
2020-07-13,0.05849682376172,0.0505153241802033,0.0569681647382451,0.0637124164659938,0.0740456393875651,0.0892193758173211,0.0136068939903681
2020-07-14,0.055488281277528,0.050205850424311,0.0542594767665036,0.0635662357955982,0.0707605062899478,0.0822746135591998,0.0135013710481179
2020-07-15,0.0560821479863568,0.0525236163217624,0.0542461315004147,0.06102571797899,0.0753735489227097,0.0903669814176921,0.0128965223798433
2020-07-16,0.0563480624422706,0.0508390186718313,0.055595684395623,0.0619511742688152,0.0714005955934798,0.0927040703813586,0.0121692541713989
2020-07-17,0.0550547392733581,0.0480546430410007,0.0560999571002079,0.0619015574746262,0.0730601154475495,0.0789912530805967,0.0126544229965474
2020-07-20,0.0543457286389445,0.0494325222760404,0.0551445230960913,0.0616388662925322,0.0697796152197836,0.0865111503156801,0.0123622239003712
2020-07-21,0.0526541524556881,0.0484962141370537,0.0535003935652923,0.058243993157153,0.0662059741685148,0.0797420423300115,0.0105837647712617
2020-07-22,0.0532458518433076,0.0461071694177701,0.051002694547215,0.0589019780802796,0.0694291720427259,0.078991183697476,0.0129856510369302
2020-07-23,0.0535155474105533,0.0471747702498363,0.0521196883782841,0.0587964918091761,0.0650514798609314,0.0843884123516961,0.0122202410369801
2020-07-24,0.051582271510145,0.045355502270229,0.0495297695936652,0.0537930678505866,0.0637678734983341,0.0775857045935843,0.00939912288866683
2020-07-27,0.0506598218677764,0.0464794654757743,0.0523372259646062,0.056828266424055,0.0654406964447243,0.0814616314043778,0.0123356202808821
2020-07-28,0.0530709458691537,0.0508058678016566,0.0550180508417174,0.0604906367784004,0.0672238510793388,0.0851979795505972,0.0131400274149358
2020-07-29,0.05297905745118,0.0473579840421908,0.0517677793993929,0.0609457514833053,0.07386054914182,0.0836473287538969,0.0144379340335191
2020-07-30,0.0525349558052232,0.0469107646863329,0.050522137322558,0.0578035595727314,0.0719374462768469,0.0824065377679031,0.0138598683098511
2020-07-31,0.0526338775714032,0.0478662508673207,0.0540481819039342,0.0600865481621031,0.0671786417725073,0.0824211780290908,0.0129323247305487
2020-08-03,0.0526173489038088,0.0454612984357433,0.0519636193818899,0.059739693504519,0.0679562670346357,0.0886858912509848,0.0139046856326344
2020-08-04,0.0511804430944063,0.0455813914736115,0.0503506141388657,0.0553116032128738,0.0625910214792633,0.0829806567668573,0.00981932190300715
2020-08-05,0.0509796605214276,0.0464869306251009,0.0511115157443261,0.0574619480402771,0.0660283860393862,0.0754073444763624,0.0116909753505517
2020-08-06,0.0503989126015964,0.0458523362409955,0.0497523627668446,0.0544694440949354,0.0632410207596687,0.0779690129157853,0.0105391076942909
2020-08-07,0.0494167708387092,0.0454120739728563,0.0492642661285037,0.053711396294061,0.0633530431771035,0.0748397145314422,0.0111322290383158
2020-08-10,0.0470349081919643,0.0433592738668729,0.0496564966138126,0.0536269428118687,0.0593858259415128,0.0715895756769387,0.0111660873619429
2020-08-11,0.0469114320989975,0.0430971445806001,0.0467765655215125,0.0525971288502008,0.0591931038628315,0.0700332917936657,0.0116351875219693
2020-08-12,0.0465047706319814,0.0421846661638595,0.0476981203967763,0.0538459131731238,0.0599490864425906,0.0718623188883763,0.0113925398921
2020-08-13,0.0461285363817616,0.0435999859161111,0.0479536748917696,0.0539347857095638,0.0593152612643439,0.0685446003741754,0.0112846280533839
2020-08-14,0.0452304805789149,0.039598955664624,0.0441608915424813,0.0482441621871082,0.0585610785992697,0.067795752146127,0.011333205764047
2020-08-17,0.0442508074540397,0.0414014629068086,0.043170778322298,0.0481018634600228,0.0549751883482443,0.0655943959731974,0.00914497382597608
2020-08-18,0.0435248412998495,0.0409238366987458,0.0446952796198523,0.0498922346761684,0.0540677453802738,0.0684965310366909,0.0098286214860767
2020-08-19,0.0459728836737011,0.0413884198804603,0.0452869278007605,0.0514071397456268,0.0606344504429679,0.0716144670913486,0.0110642052520322
2020-08-20,0.0440919856672275,0.0401997672184221,0.043244051997326,0.048116795953631,0.0530584777979796,0.0696771297530375,0.00834129138686572
2020-08-21,0.0417704567281134,0.0378255797211545,0.0407180900070895,0.0447522865193203,0.0515260534802957,0.0639181101016879,0.00848102747478164
2020-08-24,0.042687840798509,0.0399000346887927,0.042824850113968,0.046599745464299,0.0540108467668409,0.0641078548675233,0.00907108907436709
2020-08-25,0.0436117692460315,0.0414569264999133,0.0436194162676479,0.0477145085677507,0.0526231393494781,0.0614762111109455,0.00748303349264497
2020-08-26,0.043401411787866,0.0401067392006859,0.0430104881310194,0.0469120602722945,0.0537262878717531,0.064029722681055,0.0102041709487982
2020-08-27,0.0430582711818068,0.0387841375415542,0.0429037801491147,0.0513437367173074,0.0549078634857352,0.0623296240824375,0.0106170091165202
2020-08-28,0.042664633702971,0.0384735858063596,0.0421566260589193,0.0478593437444813,0.0534426992237172,0.0640121660008259,0.00964864621785001
2020-08-31,0.0410999586964258,0.0392897754771844,0.0414592283190486,0.0443765549998214,0.0506341400776833,0.0596023025633744,0.00793820301338768
2020-09-01,0.041351730723548,0.0378136788739556,0.0427156072500074,0.0455220843548855,0.050032428652582,0.064379723935895,0.00804182933821629
2020-09-02,0.0411436960141014,0.0365923894751966,0.0423925598046972,0.0462059842475285,0.0530020830195856,0.0566757242507028,0.00962608428697218
2020-09-03,0.0424202342672133,0.0390773136304731,0.0428762514206124,0.0480169367149816,0.0550151163691539,0.0626993802957668,0.0100634766959906
2020-09-04,0.0410399485831449,0.0387009787974765,0.0427616168497433,0.0452367037053361,0.0503811767472383,0.0581538648645413,0.00923213799597693
2020-09-07,0.041263342108212,0.0400377379799908,0.0447905715048219,0.0489770087360828,0.0522793544067202,0.0596807503334799,0.0103066771675526
2020-09-08,0.0358087217200007,0.0326584398458716,0.0368805018547865,0.0400847348608642,0.0441549187137274,0.0521725032497614,0.00744474198906431
2020-09-09,0.0368312586131923,0.0351022319272429,0.0386785714776908,0.0414174155813733,0.0449850941977651,0.0489013013439751,0.00774360372896853
2020-09-10,0.0350623926089303,0.0323668633606806,0.0353066513467175,0.0387224265199428,0.0427069390631896,0.0521140576831661,0.00727067491394135
2020-09-11,0.0361505258317662,0.0327047777649268,0.0359259835050426,0.0399593154075212,0.0447871225681913,0.0532557178580302,0.00702618485065641
2020-09-14,0.0360090710017412,0.0339964407743771,0.036041684636333,0.039759744562821,0.0440273740908121,0.0495138840110893,0.00698260323355812
2020-09-15,0.0349428908443928,0.0324635461386774,0.0368155546741247,0.0393540042929967,0.0445690698233606,0.0481321990124152,0.00771769758617425
2020-09-16,0.0347644087021356,0.0331393264971118,0.0353328297130821,0.03970547014525,0.0452655719558132,0.0504772002168583,0.00842845651994461
2020-09-17,0.0334950865277871,0.0305688851364455,0.0325546317885204,0.0367080124727058,0.0402281756013013,0.0490346226817176,0.00607918404898973
2020-09-18,0.03396375006847,0.0312701225553786,0.0328739856710887,0.0358595367853242,0.0397215985021545,0.0481584718208405,0.00498713223556307
2020-09-21,0.0319468612629676,0.0303032413276223,0.0321483918724131,0.0346701649266835,0.0373329577572436,0.0440596156768927,0.00545909860354084
2020-09-22,0.031911538768458,0.0307926354581546,0.0324323714942516,0.0346301572260024,0.0379079432983293,0.0424263561876848,0.00528292961153521
2020-09-23,0.0314908397511329,0.030386122431007,0.0323102003791304,0.0348081682527586,0.0382875225168072,0.044838686347864,0.00611606133937895
2020-09-24,0.0304691338713676,0.0283599985619603,0.0301297314244594,0.0330000717425547,0.0370127341765853,0.0440531004904413,0.00581292966265973
2020-09-25,0.0302280349491673,0.02782552526332,0.0307312685646019,0.0345542822554125,0.0368058351956989,0.0399600552210598,0.00564203108816242
2020-09-28,0.0309699841332837,0.028371647782256,0.0309916905650409,0.0352045049380181,0.0374991388181988,0.0408869592745656,0.0058427659066911
2020-09-29,0.0304296592544936,0.0287529236434007,0.0313886144807986,0.0335791077805106,0.0367066828493983,0.0406559996002489,0.00519124105684388
2020-09-30,0.0315485840787819,0.0293474575417909,0.0316576991375879,0.0345856313975312,0.0372227923722507,0.0452376010072282,0.00548830445766635
2020-10-01,0.0306723075145794,0.0288160447619482,0.0303323862860578,0.0328830877748542,0.0373310281021771,0.0420915751037512,0.00479249032426944
2020-10-02,0.0302962428713311,0.029031754978647,0.0308550630757141,0.0325692920714298,0.0342901577262802,0.0433718928333024,0.00431396336462756
2020-10-05,0.0311477185344389,0.0296256612361865,0.0310835245766501,0.0330179712255843,0.037423187188753,0.0442487279660369,0.00468045372796785
2020-10-06,0.0308518986298135,0.0286576177284916,0.0305769525982994,0.0342091503339612,0.0377045865896529,0.0438499539926197,0.00566038203850896
2020-10-07,0.030011164297845,0.0281913529498632,0.0304070466524354,0.0326595496193846,0.0374994505241612,0.0413185395968409,0.0053723605933636
2020-10-08,0.0304986883048021,0.0283337540989758,0.0308780041349921,0.0335529929083914,0.0366382525203483,0.0421389265025602,0.00542056276294131
2020-10-09,0.0291478895196162,0.0269371029528247,0.0289488039831265,0.0323975843948291,0.0347377168195501,0.0402672675265869,0.00566580834385379
2020-10-12,0.0288561905828919,0.0278488939338005,0.0296061859081036,0.0313984723448056,0.0345917604698961,0.0406920787897267,0.00461704672245798
2020-10-13,0.0304362010914809,0.027464567331792,0.0299796137350553,0.0329409257553046,0.0372278162339213,0.043741063651957,0.00532022992055176
2020-10-14,0.0299782942502174,0.0288360545261758,0.0308418218867397,0.0336473221525039,0.0358353378697263,0.040667396496016,0.00549998044058518
2020-10-15,0.0297636800763857,0.0276007732142603,0.0294761710659566,0.0318663748876169,0.0355164429903346,0.0402842939427883,0.00527851819215579
2020-10-16,0.029349694198011,0.0270849030724463,0.0283069357236608,0.0311030610038947,0.035085800841001,0.040796097564954,0.0051298345298928
2020-10-19,0.0297514467736682,0.028032088637874,0.0307938024882359,0.0329189387522755,0.0352185578211225,0.0407025112150216,0.00575375069039114
2020-10-20,0.0295507019743284,0.0286858847888172,0.030296290893782,0.0319017460461704,0.0355353640497309,0.0401471825323354,0.00566896378698972
2020-10-21,0.0296572871363544,0.0272637013996422,0.0295268168285757,0.032960798674726,0.0376285456619876,0.0435113793161146,0.00616842545160617
2020-10-22,0.0300641768843776,0.0289597687286028,0.0301098273175936,0.0322155517760554,0.0357938396148126,0.0434271781142511,0.00492833314624147
2020-10-23,0.0285013023878033,0.0262389314461466,0.0284043978404361,0.0310218308003148,0.0338033364104683,0.0411650404360168,0.00462519061707338
2020-10-26,0.0296346035737079,0.0283795575797996,0.0302523258294537,0.032269473696058,0.0359126730139221,0.0440084417509743,0.00563401896854773
2020-10-27,0.0293496766298527,0.0266787972177315,0.0290731051202664,0.0313406244642421,0.0355557890027182,0.0443230892404077,0.00590899025532301
2020-10-28,0.028655409880946,0.0259063906642632,0.0280231318584257,0.0305765908860774,0.0344374459905573,0.0411356565294055,0.00533464336879592
2020-10-29,0.0298239302920853,0.0281863411850162,0.0300837766549953,0.0323011712401106,0.0354108921233347,0.0467174278324283,0.00584935736572463
2020-10-30,0.030473899155988,0.0279675452992979,0.0290938038729711,0.0319848070595321,0.0373358819494644,0.0474611686397119,0.00539793677925036
2020-11-02,0.0302344946050651,0.0272558876103112,0.0295540932680605,0.0324388092245503,0.0383697138607544,0.045877222651429,0.00518937814048777
2020-11-03,0.0312975895487249,0.0278698649869935,0.0312525213328926,0.0333974096216482,0.0384376111688933,0.0463882012157946,0.00585864317228589
2020-11-04,0.0314195124295902,0.027630216184429,0.0322842044949499,0.0361308220285283,0.0415203945267106,0.0474892540753923,0.00743534374135475
2020-11-05,0.0304152253165201,0.0270676790158792,0.0308339832601089,0.0327090553193537,0.0362579163862507,0.0437642766269816,0.00629026669051181
2020-11-06,0.0310148018068851,0.027879632682548,0.0311871541612145,0.0334041656252379,0.0392081772166528,0.0475000693143827,0.00643861549487629
2020-11-09,0.0333926315482433,0.0305964309093135,0.0333922086949351,0.0382737491500977,0.0434394495950348,0.0506127913068706,0.00832483651306398
2020-11-10,0.0329452430280981,0.0291862322619434,0.0328300325952593,0.0360098937833557,0.0431646405801174,0.0494170892056852,0.00650846940159316
2020-11-11,0.0345283493761691,0.0301271599036775,0.0321064623075954,0.0405389764173136,0.0468277112559931,0.0517988392142635,0.0100480583346301
2020-11-12,0.0328244449576793,0.0284380459959085,0.0308716084466323,0.036908439437294,0.0431285014851278,0.0506184510538258,0.00760008798844613
2020-11-13,0.033958161601558,0.0296882804465141,0.0315964840346561,0.0390592461803784,0.0448938877619875,0.0521832646436243,0.00873265767560731
2020-11-16,0.0334306984114781,0.0303967739428719,0.0318513431185588,0.0389534004594986,0.0459851788208084,0.0501244478250707,0.00904929073601108
2020-11-17,0.0345114343976374,0.0316981989932489,0.0341560462228847,0.0396655365441794,0.0446301196828544,0.0513741054509916,0.00786304968875896
2020-11-18,0.0348007433880567,0.0302357335422244,0.0329248605616889,0.0400217492328913,0.0460639848321432,0.0546049885032925,0.00810520960594397
2020-11-19,0.0342053869173862,0.0318182371702576,0.0340018588908495,0.0397755447451839,0.0445481307296213,0.0526454473660212,0.00879526937394092
2020-11-20,0.0345277486823235,0.0327983331314996,0.0357740861559583,0.041223360986998,0.0423250753008505,0.0494078805465699,0.00828715263621256
2020-11-23,0.0353482048183496,0.0333205844484523,0.0359882828374064,0.0406934900605609,0.0446213382399701,0.0513084293824803,0.0081033864249076
2020-11-24,0.0364526198057381,0.0341243136974241,0.0357335715979069,0.0412352829279,0.0474342176294048,0.0570111930848263,0.00929090653302877
2020-11-25,0.035537355378764,0.0334992660945944,0.0354249616694568,0.0395758618385129,0.0459692383965368,0.0525706762694633,0.0083055689153306
2020-11-26,0.0359162585278978,0.0326210446190319,0.0352144095357891,0.0398650382755366,0.0454167761830659,0.056700584244813,0.00867092729430284
2020-11-27,0.0354050401545488,0.03193184755009,0.0342658047498784,0.0387946246148388,0.0457111112278899,0.054961316795792,0.00676414457269385
2020-11-30,0.0359624613766092,0.0321374938916318,0.0349196319364748,0.0396751518018961,0.0465045297992658,0.0549468963521482,0.00866432827628326
2020-12-01,0.0356526576702942,0.0316830883214968,0.0349504926232965,0.0382808985209937,0.0430977194535457,0.0548513431748743,0.00740313251928429
2020-12-02,0.0349887657676165,0.0315220662968218,0.0348088584534661,0.0372874260860701,0.0441991103921312,0.0532984103600405,0.00755902346629267
2020-12-03,0.0341327345185563,0.0323407889358044,0.03441612367927,0.0359897059435871,0.04125931207314,0.0509025533746782,0.00573373501220005
2020-12-04,0.0335860566592278,0.031002677266822,0.0336249716045244,0.0353585885223128,0.0396873158950823,0.0472385586160346,0.00624472268412525
2020-12-07,0.0331906738616782,0.0307196884819194,0.0320729458071621,0.0350040703242657,0.0395402679706018,0.0468896096740848,0.00617998687428746
2020-12-08,0.0341911440949459,0.0320879006309591,0.0344087157565881,0.0373440591805383,0.0416128441191846,0.048798702491266,0.00629963361999177
2020-12-09,0.0348708929044667,0.0325397446734221,0.034893521363701,0.0385824991495684,0.0430852396791956,0.0481111795518141,0.0066318966341892
2020-12-10,0.0338489928795937,0.0302311891457305,0.0351639901244399,0.038720000076199,0.0417269620109401,0.0482009262616787,0.00715161602199064
2020-12-11,0.0343435063380353,0.0315401993232853,0.0359017523612067,0.0386573299348805,0.0405686467447212,0.0494949252297192,0.0068391800512887
2020-12-14,0.0340255244015477,0.0315392680520991,0.0353623548418638,0.0370662453719064,0.040657558098614,0.0468675790828575,0.00696575155475826
2020-12-15,0.0345473677927956,0.0323428819043186,0.0348395719839245,0.036447209528603,0.0415310066383778,0.0567485741168731,0.00668814330416227
2020-12-16,0.0334546328292418,0.0305158444715088,0.0332342409742647,0.035928685996726,0.040855939831558,0.0503283615532165,0.00686796923070579
2020-12-17,0.032718938953827,0.0300522533429742,0.0326524636764655,0.0353723110751524,0.0395172533139594,0.0485104259664911,0.00644886723585243
2020-12-18,0.0339836953645645,0.0308224167697087,0.0337820729588787,0.0365160036693286,0.0390202081368669,0.0507670961358167,0.00697289761405014
2020-12-21,0.0338839970152684,0.0313942613964156,0.0330146129128183,0.0359131203396715,0.0391392592390705,0.0515126030150035,0.00591687784525692
2020-12-22,0.0333007164563734,0.0287063343317603,0.0320341750039188,0.0339303496660294,0.0396168008417706,0.0497119377328045,0.00638314936979024
2020-12-23,0.0338548747728569,0.0297815712799135,0.0335999585038797,0.0357015805891313,0.0398318423466699,0.051559103231047,0.00634542853780783
2020-12-24,0.0328556863750118,0.0292942518771295,0.0321757362400462,0.0347669355118362,0.0385089685185158,0.0486152088849619,0.0061927239059906
2020-12-25,0.0336638302928347,0.0306993716329415,0.0330943903324053,0.0368031031276837,0.0399757083137234,0.0500988914000164,0.00657467277815001
2020-12-28,0.0341913754633488,0.0303174579725651,0.0332474660477012,0.0369272772358696,0.0418708124682939,0.051670109215046,0.00667248860043177
2020-12-29,0.0333853631946287,0.028850941123848,0.0331307618314388,0.0363084006770587,0.0419065165551551,0.0498952325029551,0.00622697458409848
2020-12-30,0.0334548042058794,0.0298223615885614,0.0327853229834876,0.0367300602255848,0.0411451107537883,0.0506870707375688,0.00743213237000196
2020-12-31,0.0338173225823647,0.0303424018642376,0.0341064546764008,0.0368828328556102,0.04223081130464,0.0504854563395431,0.0071509876197089
